Customer ID,Social Media Platform,Post Type,Post Date & Time,Sentiment Score,Engagement Level
058c514c-b0af-4210-be91-ea82e4d32d11,LinkedIn,Like,2025-02-03 20:47:48,Neutral,673
372c496c-cbfe-42d1-aa6c-379c7f1f8de0,Twitter,Like,2025-02-01 17:45:33,Positive,212
9cbb4396-2e9a-4f9d-bb24-1fa39c568b5d,Twitter,Share,2025-02-03 01:15:05,Positive,919
8056f33a-b4d3-42b3-afda-ad4c53f5a80d,LinkedIn,Share,2025-02-03 21:37:45,Negative,637
22e93cb0-f4fe-4da0-8551-5a83404d3730,TikTok,Share,2025-02-01 20:52:25,Positive,199
548fc893-8fd5-42f2-b835-4d682f37eb5d,Twitter,Like,2025-02-03 01:17:30,Positive,6
3db4fccb-724a-47a4-9a03-f82581516385,Facebook,Comment,2025-02-03 18:38:14,Neutral,797
59d65fa5-95c7-4326-92aa-f98d591f48fb,LinkedIn,Share,2025-02-02 07:46:10,Negative,184
d51f4af7-6e64-4d7d-8c83-e149e5866e2f,TikTok,Comment,2025-02-01 19:37:29,Neutral,716
dc3dfc5d-6823-4610-8da5-4106022f8589,Twitter,Share,2025-02-02 04:46:48,Negative,610
99443f29-abf9-4f43-8033-0ef8c2922c6f,LinkedIn,Like,2025-02-02 20:36:04,Neutral,1000
d37e76cc-4271-4279-8e42-450296f8bfae,Twitter,Like,2025-02-02 04:10:50,Neutral,293
78d7ed4a-82ba-4400-b5c8-a47e42e85344,TikTok,Share,2025-02-01 22:55:12,Negative,255
8232fc25-e4c3-4c8d-bd6b-a62cbd5defd0,TikTok,Like,2025-02-02 19:38:43,Neutral,199
201516e5-7525-4b29-93c7-6e52536c2239,LinkedIn,Share,2025-02-03 11:17:20,Negative,496
5726ed7f-b537-4a3f-8492-ef27a535361d,LinkedIn,Share,2025-02-01 03:28:42,Negative,562
09c38151-2dce-4fbd-a8ae-2c274f1778b6,TikTok,Like,2025-02-03 10:38:11,Positive,700
b6523331-d261-4bb9-8895-7588216548a7,Twitter,Share,2025-02-02 03:34:14,Positive,150
dc12dc7a-03bb-40ec-bb1c-def191c0900c,LinkedIn,Comment,2025-02-01 00:19:30,Positive,751
cf65783a-05cb-435d-81ab-882c5f46c3a4,Instagram,Comment,2025-02-01 07:18:20,Neutral,33
5e6d5802-327e-4870-a3b5-1fd9e44b41db,TikTok,Comment,2025-02-02 01:33:16,Positive,724
6e89ceb4-21bd-41f1-b600-e4140804faef,TikTok,Share,2025-02-02 14:31:34,Negative,555
99a07f47-1d96-41b4-872e-c1c9ad5ce9ac,Facebook,Share,2025-02-02 22:53:17,Negative,400
bbd6ead1-a335-458f-adb3-a5fb7997e903,Instagram,Share,2025-02-02 09:04:40,Negative,587
001c724f-48bd-4abc-aed4-7449594b212f,Facebook,Share,2025-02-01 11:49:15,Negative,134
c4afe4c9-a62b-42ad-b721-e21a9b53c43d,LinkedIn,Like,2025-02-01 23:52:56,Positive,233
6b94a093-ee87-4924-8d21-43158c010d04,Facebook,Comment,2025-02-02 18:33:16,Negative,849
7d136244-2bd7-413f-9854-0ae4042d843e,TikTok,Share,2025-02-01 16:50:36,Positive,830
a9b54200-6621-4883-9e79-5fefebab858a,Facebook,Comment,2025-02-03 01:39:00,Negative,859
862f3499-c5b3-4a3e-b085-58c02cfd03cc,Instagram,Comment,2025-02-03 06:03:24,Negative,141
75e8a8e5-b94a-4ba2-bbc0-9cda7e76bd2b,TikTok,Share,2025-02-02 13:58:43,Negative,989
4df8e502-3429-4dca-b604-33ed2740c0a4,Instagram,Share,2025-02-01 00:17:59,Neutral,893
3ac3b450-e28c-45d0-bc57-16155ac24028,Twitter,Comment,2025-02-03 03:44:58,Positive,902
6b43548d-b511-4c7c-b9b1-365ae975c8ab,LinkedIn,Share,2025-02-01 14:16:59,Positive,803
1b81f9d8-92ad-4c93-9e41-6f6f8b36b6fc,Twitter,Like,2025-02-01 15:39:54,Positive,852
d25a12c7-6d28-4226-93d5-bf067aed7434,Twitter,Share,2025-02-02 11:54:20,Positive,922
2d5fbf7c-8cfc-433f-8a0b-f7442fb543d6,LinkedIn,Like,2025-02-03 09:23:53,Neutral,85
9d202d88-9d18-40ba-a113-71bfc607be08,Facebook,Like,2025-02-01 23:44:36,Negative,400
c4e1f5bf-e831-474a-aeb5-2d70bd1fb297,TikTok,Like,2025-02-01 08:00:08,Negative,767
9b8e8b31-f184-4a41-9c91-34132bc82431,LinkedIn,Comment,2025-02-02 12:30:21,Negative,689
6749da03-9640-4c0e-b5d2-fd3cd71357cd,Instagram,Comment,2025-02-02 08:58:53,Positive,765
f91a6381-027a-4477-8934-8b72929d6362,Twitter,Like,2025-02-01 10:46:53,Negative,378
315ac589-dc23-40fd-9f23-9a8ddf347d20,Twitter,Comment,2025-02-03 16:17:50,Positive,126
6618117b-fcc2-4c45-87a3-7c8086c722a7,LinkedIn,Comment,2025-02-02 08:43:53,Negative,230
b5f6d04f-1de4-4ad1-ad09-712b21792c7c,TikTok,Comment,2025-02-03 11:01:55,Positive,958
84c92a50-7a28-484b-a226-e13c5951281d,Instagram,Like,2025-02-02 11:12:49,Neutral,326
9f0c2133-7fc5-46e1-98ec-ac5e0f780741,Facebook,Comment,2025-02-03 22:30:06,Negative,318
d6028c53-176b-4dc9-9528-add796101ce1,Facebook,Share,2025-02-02 21:15:30,Positive,494
0b37a7cb-f042-45ac-a89f-d827d1c522b7,Facebook,Like,2025-02-03 19:30:49,Neutral,558
a9fbb23c-b519-406d-a944-fa1f59e0acfd,Facebook,Like,2025-02-01 13:16:52,Neutral,605
82111fcd-209c-4537-ace2-7780b923d931,Instagram,Like,2025-02-01 23:03:03,Negative,977
385b07d9-c098-435a-a397-22c07e54bd00,Instagram,Comment,2025-02-02 01:32:38,Neutral,321
0d32e6ef-bd76-4d98-ba28-14715b9f17cb,TikTok,Share,2025-02-01 18:18:10,Negative,736
a79b3d70-c123-46a3-a1d4-04bac5b24266,TikTok,Like,2025-02-01 04:37:12,Positive,37
f22a365e-1a13-489e-8f8b-2c15d94d6ed6,Instagram,Like,2025-02-01 12:59:04,Positive,861
b47ba7e2-ce9e-4c72-ad65-3c0515d4139b,TikTok,Share,2025-02-02 10:56:33,Positive,220
ec71defd-98a6-4e27-b66a-821ce15ad47f,Twitter,Share,2025-02-03 17:31:55,Negative,111
2ed46fd5-0dd8-4ea9-b2f8-65c52e6e5b5f,Instagram,Share,2025-02-02 04:29:02,Negative,436
961c260d-aaf0-4bc3-bc19-bcfe78eea6f6,TikTok,Comment,2025-02-02 11:59:54,Negative,382
4159095e-e830-4145-b802-f37eb70333cc,LinkedIn,Like,2025-02-01 07:53:43,Positive,320
3b1dcb6c-b8a2-40fe-9731-89da20215683,TikTok,Comment,2025-02-02 05:07:04,Negative,764
cad959e3-4503-441e-ae5b-f1c726583a80,TikTok,Comment,2025-02-03 10:07:17,Neutral,103
575539dc-86cd-4e5a-8dbd-16cc158a2f02,Twitter,Comment,2025-02-01 09:37:35,Positive,436
7c5b7150-d4d0-4dd0-83e8-649895f6d197,Instagram,Like,2025-02-01 12:22:54,Negative,438
d2b94f95-5f2f-4f4f-823d-7352cab6398a,Twitter,Comment,2025-02-01 02:56:50,Neutral,875
3dd3e23b-c48a-477f-9f9c-bf130fa54556,LinkedIn,Like,2025-02-01 22:36:56,Neutral,570
e2386cd0-79e7-40b2-b956-00c70359492c,LinkedIn,Share,2025-02-03 16:40:49,Negative,560
42c8176a-47c0-4ee2-9805-446a0fd1bd42,LinkedIn,Like,2025-02-02 15:39:46,Negative,160
9bdf961e-934a-4208-9878-7a172f9b32c4,Twitter,Share,2025-02-03 16:29:30,Positive,664
acf7b4b1-106f-4b17-b5f0-80fa8b0d5c82,Twitter,Comment,2025-02-03 03:39:50,Positive,953
d22612e5-61b3-4271-abd8-9a513f6a0322,Twitter,Comment,2025-02-01 22:57:01,Negative,238
f385a07e-5bad-45dc-9945-b076d6c97800,Instagram,Share,2025-02-03 00:45:44,Negative,826
c64ed4dc-a0b2-4520-adff-99dc3947656b,Instagram,Like,2025-02-01 02:11:58,Positive,694
856efc81-9d6e-4bba-bb78-580a416f8aa5,Twitter,Share,2025-02-02 10:57:15,Negative,177
b11141f7-29a5-4fce-babd-7f6a31aef57c,Instagram,Like,2025-02-02 22:03:09,Neutral,14
e2c3fec4-81b8-48b6-8034-5a00d4f02ef7,Facebook,Like,2025-02-02 08:56:18,Negative,267
36119d1e-13e7-40b4-b17c-5b15da0fb4e8,Instagram,Like,2025-02-01 22:23:17,Positive,566
701a5ff8-93a4-476d-ad55-93fb1a474988,Twitter,Comment,2025-02-01 04:52:48,Positive,506
3e60c5b2-d186-4c8f-9321-dbbd36ce2046,Facebook,Share,2025-02-03 16:19:21,Positive,930
30716948-2377-4069-9fcf-325cf3aa48c7,Facebook,Share,2025-02-01 21:24:32,Positive,543
091619e8-9c08-4e27-bdaf-ccff299c6351,Facebook,Comment,2025-02-01 23:32:01,Positive,153
22238c12-7e4d-46a7-8d37-579b69242a93,Facebook,Share,2025-02-03 23:50:11,Neutral,493
5415f8b8-b59d-45b7-b1ee-a76dcff43a01,Twitter,Like,2025-02-01 01:24:04,Neutral,890
a29f77d0-99ad-4c70-91e0-28e4b22a881e,Instagram,Comment,2025-02-01 22:50:37,Negative,892
4b3b6df9-04a2-438f-bd11-ffbc6e99abdb,LinkedIn,Share,2025-02-02 12:04:54,Positive,171
3b6c678c-9511-4dd6-a8e5-04862ad39624,Twitter,Comment,2025-02-01 13:15:39,Positive,385
11ed84fd-fbbe-4764-852f-018650f433b1,Facebook,Share,2025-02-01 13:52:38,Negative,437
59a02fb4-3924-475e-9bab-ac565a901c56,Instagram,Comment,2025-02-01 06:59:43,Neutral,258
ff20c97b-21ac-4866-adab-10564c9a68d1,Twitter,Comment,2025-02-03 05:26:45,Negative,952
f91d8e26-af25-4708-9dbd-74d00332ed2c,Instagram,Comment,2025-02-02 22:14:19,Negative,168
98cd0d31-f534-45ff-ad87-61e1558d7652,TikTok,Comment,2025-02-01 01:03:09,Positive,560
85f3993b-be8e-4766-8b8c-f6dd692fac1f,LinkedIn,Like,2025-02-01 10:50:10,Negative,895
1972c5b7-d2b4-4856-94ee-b0ce64cc573c,TikTok,Share,2025-02-01 04:17:19,Negative,238
715e4c87-66af-4f36-82eb-9b4bf2794e1c,Facebook,Share,2025-02-02 13:31:03,Positive,634
b9196c67-0add-48ae-b512-edb1f1e11930,TikTok,Like,2025-02-02 22:09:43,Neutral,154
3ed9e5ce-02a8-4fe9-9d17-631d0d9c6dba,Facebook,Share,2025-02-03 23:17:18,Neutral,743
c949e4b0-3ad8-482e-ada3-7f64d13433e3,LinkedIn,Like,2025-02-03 18:59:09,Positive,993
7f2480c3-6303-43a3-a2b9-f447f43703c5,Facebook,Comment,2025-02-03 10:12:48,Positive,47
52b0c0d5-196b-4626-a7ba-c63be9255a9d,LinkedIn,Like,2025-02-03 23:50:29,Negative,599
4ebd5404-9a88-4d0a-b9bc-46601472ce05,LinkedIn,Comment,2025-02-02 16:00:56,Positive,221
531d6161-08bf-4017-8ff9-1893a1200ba5,Twitter,Comment,2025-02-02 06:45:34,Neutral,356
5993d0d2-c7d6-4d96-a68e-2a80093b2c6b,TikTok,Comment,2025-02-01 19:24:58,Neutral,611
4dc4af10-b789-41dc-88d3-c51097328a37,Facebook,Share,2025-02-03 23:56:16,Positive,79
e2b693d7-4d6c-4ad7-b2ce-d3a7798a1fa2,TikTok,Like,2025-02-02 15:51:58,Positive,548
f5cd60f8-c613-4fb7-b8b2-d332f31927e8,Instagram,Comment,2025-02-03 02:30:06,Negative,818
f0b04a1b-1cff-4a5b-95a3-1dd7efa1eb12,Facebook,Share,2025-02-02 14:21:18,Positive,467
b5227747-4606-4a36-bdf5-7dabbdae6e9e,Instagram,Share,2025-02-01 12:02:52,Negative,840
6ff0efa6-8bec-4aee-8428-50eb50c1e416,Twitter,Share,2025-02-03 22:35:16,Positive,858
946c6a2e-6a10-48b6-aac2-7c6662810215,LinkedIn,Comment,2025-02-03 12:23:35,Positive,794
6e2d86dc-34b2-4b6f-9b87-013e8df9cd4a,TikTok,Comment,2025-02-02 16:25:11,Neutral,607
28154ff1-6c34-4ccf-b24b-17b4d1d9c1af,Instagram,Share,2025-02-03 11:23:26,Positive,864
7bc9f9bc-2bb1-4148-9579-2c456c2f98c5,LinkedIn,Comment,2025-02-01 14:22:03,Positive,456
616e519c-e9b4-48f7-9ede-02998f67ee81,Facebook,Share,2025-02-03 17:11:41,Positive,672
4727c201-862f-4b96-877a-f01df5b6432c,Twitter,Comment,2025-02-03 14:14:17,Negative,82
012815c9-41a1-4068-8110-e3ddf03b540c,LinkedIn,Share,2025-02-02 07:49:54,Negative,52
8b5c02d1-e8e6-4a9f-9a37-9772cb04bc61,TikTok,Share,2025-02-03 07:44:15,Positive,692
a5b84463-9c03-4fa2-8521-b607260de123,TikTok,Like,2025-02-01 14:20:06,Negative,303
82e25d68-b1f7-4ff8-8f22-b3469614186a,Instagram,Share,2025-02-01 08:31:08,Positive,884
32091c8d-83fd-4072-87b3-15d1ac9f7795,LinkedIn,Comment,2025-02-01 04:33:12,Neutral,904
3acf1c04-3ab8-4df8-a4a6-8be4ce3cd126,Facebook,Like,2025-02-03 09:19:27,Neutral,176
22453150-128c-4547-ba6b-26944d9ff85a,Facebook,Comment,2025-02-03 08:42:19,Neutral,303
5788ebd6-d538-48db-9608-d833239160a8,Instagram,Comment,2025-02-02 08:55:24,Positive,558
ff78ec1c-6437-43f3-a371-f609a554aa8a,TikTok,Comment,2025-02-01 14:53:07,Neutral,819
648c6e0c-2dbe-4e08-943d-ebb3ba866728,TikTok,Comment,2025-02-02 11:00:33,Positive,752
cde2894e-de24-4c3d-aa62-12697ce2bcc8,LinkedIn,Comment,2025-02-02 20:44:59,Neutral,375
ce4d2a92-66c6-43af-a0d5-d247c856cae8,TikTok,Comment,2025-02-01 05:18:17,Neutral,778
27a0a1b7-1757-4bf0-9c07-00adf368592e,Instagram,Comment,2025-02-03 06:41:11,Negative,837
f02d711b-4a75-4476-b5ea-7f37e13fc872,Twitter,Like,2025-02-03 20:43:53,Neutral,401
d0163fab-3e6a-4c98-bb4f-e3bfe8d6fe95,LinkedIn,Share,2025-02-01 10:46:59,Neutral,14
6e4503d5-b6c6-4ed8-9f41-cb6f88c8245a,Twitter,Like,2025-02-01 19:02:26,Negative,963
345f97e7-364f-4f5b-8ab3-6d094943f5e2,LinkedIn,Comment,2025-02-03 13:07:37,Positive,855
abef1dee-2798-445e-9a69-b6e94d9dd0c4,Instagram,Comment,2025-02-02 11:23:01,Negative,503
4c03366f-9539-4c80-a640-5b083dada05b,Instagram,Comment,2025-02-01 15:06:10,Neutral,919
3313afe9-4e2c-4158-91d1-356f41b9eaae,Twitter,Comment,2025-02-02 18:16:04,Negative,841
2d3715ed-5f07-442e-8977-32ddc650e0c6,Instagram,Like,2025-02-01 11:38:24,Negative,7
b0e259ae-2163-4099-af44-0fe13893fc1c,LinkedIn,Comment,2025-02-03 06:09:19,Neutral,825
aaa9da3c-9bd5-409e-9537-8d2fba0ed23f,TikTok,Like,2025-02-02 18:57:24,Positive,384
37afa554-23cb-490f-9764-b2447c9aebb5,Facebook,Like,2025-02-01 06:12:47,Negative,952
55a4fdc2-6ded-46a7-aad5-37d90d53bc6a,Instagram,Like,2025-02-02 07:03:47,Negative,433
f103c00e-5802-43a4-a11b-12483dab0087,Instagram,Comment,2025-02-02 07:59:31,Neutral,220
733842ed-ad14-45bc-a7c3-78223557072f,LinkedIn,Comment,2025-02-03 08:04:23,Negative,624
d0ca576e-f64a-4ec1-bee1-a88a6c886c87,Twitter,Like,2025-02-03 07:57:30,Negative,639
53aa9ba9-5118-4d74-94e3-3cdc81490996,Instagram,Share,2025-02-03 20:03:01,Negative,942
3a7e0d70-7534-4805-9d6b-938aee85cbd4,Facebook,Comment,2025-02-03 07:59:52,Neutral,282
1d19e83b-ef30-4e8a-9995-59b77d8b376f,LinkedIn,Comment,2025-02-03 15:50:48,Positive,943
3249c404-a00e-4313-aa5a-1fcd8fb9439f,LinkedIn,Like,2025-02-03 13:49:11,Neutral,557
9df232cc-e535-438b-b076-13db127ac6be,LinkedIn,Like,2025-02-03 06:23:27,Negative,665
12318e24-a80e-44b4-b070-4fb675abb634,Instagram,Like,2025-02-02 17:17:02,Neutral,119
fc86bbcb-d562-43a8-9a55-c57a275de939,LinkedIn,Share,2025-02-01 09:12:45,Negative,332
5353f211-1434-4295-866e-bc56e6b534df,TikTok,Comment,2025-02-03 05:57:18,Positive,637
aad77b5d-aaab-45f6-848b-2bb7780c9a17,LinkedIn,Like,2025-02-01 21:16:19,Neutral,288
f5e60223-9a13-472f-8a05-08b6df10e98d,Facebook,Comment,2025-02-03 03:58:28,Neutral,894
e3f57f6e-c3f1-4b02-92e1-5a352e2e340b,LinkedIn,Share,2025-02-03 12:19:50,Positive,387
3911d747-1b9f-444d-a650-bc8f1fe3df8e,Twitter,Share,2025-02-03 02:10:28,Negative,175
b7503212-bd5e-4b69-94e5-92649c9e37b6,LinkedIn,Comment,2025-02-02 02:52:42,Negative,908
b3e8f270-a1e1-4314-9f28-cd3e79459ec4,Facebook,Comment,2025-02-02 01:51:34,Positive,854
2fabf08a-dc00-4606-806f-dd3639d0503b,Twitter,Like,2025-02-01 00:45:39,Neutral,638
618de91c-c08a-464a-b288-b80dcfbd5371,Twitter,Comment,2025-02-01 06:45:06,Neutral,843
8bdd2aad-5681-4a37-ba30-4db924c314d0,Instagram,Comment,2025-02-03 03:00:18,Neutral,308
7f49d173-610b-4755-a770-9056f63ff739,Twitter,Comment,2025-02-01 20:52:36,Negative,995
90abb92d-a102-4834-b340-414c5cb0220a,Instagram,Comment,2025-02-03 04:00:17,Neutral,341
3650842f-a55a-469a-99b9-ae89053d6a54,Instagram,Like,2025-02-02 18:05:35,Positive,864
aa6683f9-4604-4d29-804e-402987d3f114,Instagram,Like,2025-02-02 23:14:24,Neutral,389
ee8f480b-4380-4a63-9f50-920220c0297b,TikTok,Like,2025-02-03 02:13:35,Neutral,5
82311e25-0ba8-4f86-9b77-aa228429fca6,Facebook,Comment,2025-02-01 19:22:33,Negative,965
600abcd1-b0d9-49f1-bb18-2e8a901700d5,Twitter,Like,2025-02-03 08:49:09,Neutral,46
b49b7fbf-9de5-496f-8b45-7f913c7a11f6,TikTok,Share,2025-02-02 00:53:34,Neutral,631
faf22443-b1e7-43ef-8d13-715d11a8489c,Facebook,Comment,2025-02-02 04:46:08,Negative,13
8ba7ba97-56bd-488f-80e4-7dc1546b3c71,TikTok,Like,2025-02-01 12:47:58,Negative,606
fee0abc8-4304-4b71-804a-8072da63a5e0,LinkedIn,Share,2025-02-02 16:44:28,Negative,538
5a722b1f-775f-45ce-a513-ed34bf46f854,Facebook,Like,2025-02-03 18:19:42,Positive,415
57cae4b6-3f71-4b7a-b765-813e453b0fdb,LinkedIn,Like,2025-02-03 04:42:08,Negative,181
d9132498-199c-4a3a-8ff9-76599d9146b8,TikTok,Comment,2025-02-01 05:31:12,Negative,601
79c5a07d-f62a-4b9e-8e35-79093be8621d,Facebook,Comment,2025-02-02 02:47:05,Neutral,93
1e68ce26-253f-430f-b3a1-e2037379df5b,Instagram,Comment,2025-02-01 08:16:18,Positive,457
209761de-9e3e-460f-af54-cc4b6e265eaf,TikTok,Share,2025-02-03 04:00:01,Negative,961
53f1573e-5ee6-40d9-8659-f6ae6151adfd,TikTok,Comment,2025-02-02 20:12:53,Neutral,842
edbe508e-3ead-4923-88a3-bcac3fa2ca22,LinkedIn,Comment,2025-02-03 08:03:48,Neutral,247
e2f72b04-b05d-47a5-af93-e7f2579cdeaf,TikTok,Comment,2025-02-02 13:50:46,Positive,662
b871c63a-ca5e-4953-80f3-cd5aa5830f63,TikTok,Comment,2025-02-02 22:36:33,Negative,382
786f66d0-05fe-4f97-9893-c9d0114f8fd4,TikTok,Comment,2025-02-02 21:29:28,Negative,62
28dd33d1-d50d-4e82-857e-e4f5e7af04b6,TikTok,Like,2025-02-03 16:53:30,Negative,998
90a8c31b-3e1c-46ab-8c9f-f916b5594bc9,Twitter,Like,2025-02-01 12:39:52,Negative,690
81ebab98-5888-4761-b5db-35c4be955896,Facebook,Comment,2025-02-02 13:35:26,Neutral,787
8037a02a-c69d-4d6f-88ae-c40056959cc8,Twitter,Comment,2025-02-01 15:27:25,Positive,295
a2570dc6-3e68-43df-ba42-173319a2675a,TikTok,Comment,2025-02-01 16:41:33,Neutral,290
31e7b3aa-c0d5-4096-99ba-bfc0d3797582,TikTok,Comment,2025-02-03 07:23:49,Neutral,902
cf058016-a99b-4087-8d09-adc95c0d5256,TikTok,Share,2025-02-02 03:31:03,Neutral,685
4835079d-bdec-4b40-80cd-037a8e1e6f43,Facebook,Like,2025-02-03 08:54:40,Neutral,789
92327ef2-d11a-402b-a005-027405650290,Twitter,Like,2025-02-02 17:01:49,Positive,942
6b4fcb04-b4bf-49de-9b09-e68c5053d064,LinkedIn,Comment,2025-02-03 02:41:22,Neutral,551
07a03471-8af4-4faf-92eb-f1ae2bdbd5ef,TikTok,Comment,2025-02-01 10:16:19,Positive,970
b2d34670-42f6-4403-9fcb-5b0719b35c49,Twitter,Like,2025-02-03 18:29:11,Neutral,58
74dc335f-38df-4774-81fc-a259d28fded3,LinkedIn,Share,2025-02-01 14:46:06,Neutral,173
88178179-a2f6-4c50-bd9b-79750a67aed1,Facebook,Share,2025-02-02 16:55:53,Neutral,379
df8fbf21-8ac3-4993-90a7-a0bf1586d935,Instagram,Comment,2025-02-01 00:42:43,Positive,498
0098ca1b-c22d-4e5d-ac2c-4f752d8d2944,Twitter,Comment,2025-02-01 16:57:34,Neutral,312
6d02f0c1-2e9a-4307-b2a2-af3ed02f5145,Twitter,Like,2025-02-01 04:57:42,Positive,93
5a74f91e-f0f2-47d7-9f2e-25c0b2c32577,Facebook,Like,2025-02-01 17:51:05,Neutral,874
df35c30b-4080-4603-a01f-ecbfd99340e2,Twitter,Comment,2025-02-02 01:48:14,Negative,928
942bf36f-576b-41c7-b2ff-5755cd896fed,LinkedIn,Like,2025-02-01 18:48:01,Negative,977
a9e7651a-fb45-4a4b-b42c-c0ae4337f552,Twitter,Share,2025-02-03 21:21:34,Positive,25
cee53174-5526-4e18-9d79-269098617405,TikTok,Comment,2025-02-01 06:17:17,Negative,101
505d49bb-f523-4d40-a0e8-3b3a3c677f1f,Twitter,Share,2025-02-01 14:51:14,Negative,589
537cde5c-7eae-4344-b2f4-9f54f44b1c2e,Facebook,Like,2025-02-03 09:24:54,Positive,379
1c05ff18-769c-4744-8208-a731603db9dc,Facebook,Like,2025-02-03 03:21:23,Positive,620
95326e12-02e0-4417-815d-e8607048fd63,Facebook,Like,2025-02-01 17:19:34,Neutral,982
b57e2f24-b577-4082-9651-772fb7ffb435,TikTok,Comment,2025-02-02 11:08:29,Negative,873
426ab3c3-af24-4216-a243-5bcba6b30e72,Facebook,Comment,2025-02-03 21:50:06,Neutral,802
88fac6f5-e0d7-4ffa-90c0-fe62c5dbbb5b,TikTok,Like,2025-02-01 10:16:21,Negative,551
b7d683ea-4cd4-4aaa-8884-eb97258370e1,Facebook,Share,2025-02-01 14:09:42,Positive,143
a48affa3-c1aa-4745-8c15-e7983023f707,Twitter,Share,2025-02-02 10:48:56,Negative,971
c76e8269-440e-4f8f-959e-dd1886a17f23,LinkedIn,Like,2025-02-01 06:40:34,Neutral,62
c40f3704-f151-4e22-8568-8c8ff88e1b72,LinkedIn,Comment,2025-02-01 18:26:42,Positive,576
6b35c5a9-43c2-4eea-a1cf-e743d1db1961,Twitter,Comment,2025-02-01 22:57:52,Negative,289
b1088332-ac9c-402b-a109-475a2a27b2ec,Twitter,Like,2025-02-02 10:54:11,Negative,1
96bbd59a-f020-4be7-a58e-42c178adf9c0,Facebook,Like,2025-02-03 19:40:39,Positive,642
b8b99d8a-1a4b-440d-922e-1ed4f5c98f51,TikTok,Share,2025-02-01 22:23:09,Positive,591
c132ae99-f3fe-4263-9251-a8a0b07dad09,LinkedIn,Like,2025-02-03 06:44:03,Positive,594
fb6d6fa9-b761-452a-a1ca-2fca108edc56,Facebook,Like,2025-02-03 15:40:01,Neutral,84
baca91c6-4c85-46ac-8330-bbc3f87a0ebc,LinkedIn,Share,2025-02-03 19:19:51,Positive,77
2a7db9e7-1290-4b4b-962a-9bb4347f5969,LinkedIn,Comment,2025-02-03 14:36:19,Positive,183
68f664c4-0f93-4010-9b45-5415e4c9bf2e,TikTok,Comment,2025-02-03 12:09:16,Positive,193
3a91ed9a-533d-4061-859e-3108e5387a9c,LinkedIn,Like,2025-02-02 06:19:53,Neutral,861
1b08d6d7-519d-4a0e-9b17-5bc47e7967f7,LinkedIn,Like,2025-02-02 11:17:05,Positive,213
8a69b985-0962-4bb1-b3ef-78821e289c69,LinkedIn,Comment,2025-02-03 11:48:41,Negative,916
a48e58be-2326-4736-b079-65bc725553cb,Instagram,Comment,2025-02-01 14:48:27,Negative,285
d5baa24f-ad10-443c-8a88-01c2bb80b3b9,Facebook,Comment,2025-02-01 10:36:55,Negative,456
9b5e44cf-d5db-47a1-8ef4-8a8aee8592e9,Instagram,Comment,2025-02-02 16:13:02,Neutral,375
5d92e7b6-ac60-4007-b85b-0258fa964de0,Instagram,Share,2025-02-02 20:58:56,Neutral,306
384e6611-09da-4930-ab73-7778fa8018b4,Instagram,Share,2025-02-02 14:23:13,Positive,541
b24c7763-32e1-40dc-908c-d1afd450a32b,TikTok,Like,2025-02-03 23:29:33,Positive,704
a9d49282-5679-499e-a9d2-6b047668e829,LinkedIn,Comment,2025-02-01 16:34:40,Neutral,206
384de93a-ae07-4915-91ad-deb2a7929081,Instagram,Like,2025-02-01 07:56:32,Positive,581
881a3644-6797-4a1b-9aa4-0ec2065ce824,Twitter,Share,2025-02-01 01:35:56,Negative,203
58ed8ed4-847d-4115-b446-1f1964cbd100,TikTok,Comment,2025-02-01 16:56:54,Neutral,142
1ad2c2c3-5ec3-4319-a163-6d5117a62d0d,Twitter,Comment,2025-02-01 02:43:43,Negative,704
228ae5e4-e867-40de-88f7-123459b15980,Facebook,Like,2025-02-01 11:34:03,Negative,825
16b04a0b-74e0-4859-ad78-d55aadced5cf,TikTok,Comment,2025-02-03 16:38:22,Positive,175
9e38bc78-c66f-4fa1-859b-76e3eddd43fd,Twitter,Comment,2025-02-01 22:22:04,Positive,412
7f2b973b-2e66-4991-8426-d706cf2dcf48,Instagram,Share,2025-02-03 03:50:22,Neutral,941
9f699750-1b7d-49bc-acfb-2cc18679983b,TikTok,Share,2025-02-03 11:55:09,Negative,55
ffc9ec45-9053-4ffc-8254-a5e75101d8ea,LinkedIn,Comment,2025-02-03 19:03:07,Neutral,426
dc51815c-a4b2-4e0b-b4ec-8ad61ffbb738,Facebook,Comment,2025-02-03 23:02:14,Positive,669
a5fe533d-a9c1-4517-9744-2cc39e4f2ffc,LinkedIn,Share,2025-02-02 15:25:41,Neutral,875
086b0d0d-15c2-4603-bb2e-38cefbf10f33,TikTok,Like,2025-02-03 00:52:45,Positive,297
df549857-5efa-4bae-a697-9c524742d591,Facebook,Comment,2025-02-02 17:20:22,Neutral,280
4a04d3fa-669e-4910-81ff-557dc2ea5cbe,Instagram,Share,2025-02-01 09:16:21,Negative,458
de30fe10-e6dd-4db7-86e0-6f1f9022d3e0,Facebook,Comment,2025-02-03 08:28:03,Positive,328
737e784b-160a-4dab-9343-0d69f6e87783,LinkedIn,Share,2025-02-03 13:26:01,Neutral,438
938d07c0-f6cf-4ed1-bd57-9b71642d630a,TikTok,Like,2025-02-03 17:04:17,Neutral,249
36c1a4d4-3fc3-43e8-a805-b0e3a27f8b82,Instagram,Comment,2025-02-01 12:30:14,Positive,685
b9657f34-23c8-42ba-837a-48ed33e4397c,Twitter,Like,2025-02-03 01:16:13,Positive,52
ade8c0f1-f128-4d43-be10-099f8435d06a,Twitter,Comment,2025-02-02 02:16:22,Neutral,336
f7639741-8204-4224-bfc2-58ab6e1b0395,Instagram,Share,2025-02-02 22:18:05,Positive,364
a6adbd99-c94f-463a-834c-cf9a80753d55,TikTok,Comment,2025-02-02 07:54:51,Neutral,791
ebeee4d3-82cf-46ed-8ad6-04b70bd70611,Twitter,Share,2025-02-01 00:21:39,Negative,284
182a45a1-e136-43cc-8c90-1c0809369f8c,Instagram,Like,2025-02-01 11:42:17,Positive,899
d87f1aa1-fd9a-485f-b378-f66106a8e7db,LinkedIn,Share,2025-02-02 00:53:05,Negative,429
ada03bee-c37b-4ce5-9ad0-b20af36a960c,Twitter,Comment,2025-02-02 00:28:28,Positive,580
ec738f85-d4a4-4e10-adb8-3080c3cef157,Facebook,Like,2025-02-03 04:59:31,Positive,470
8d3f108f-edab-49a5-8766-1b5a979c3e51,LinkedIn,Comment,2025-02-02 23:55:02,Negative,556
f259079d-8453-42f7-b5c7-d2cb2bcb9238,TikTok,Share,2025-02-03 04:45:27,Negative,982
2886ffa6-2178-4dc7-a4a0-c684bcbba940,Twitter,Comment,2025-02-03 02:08:04,Neutral,376
52a7ef47-31cf-4f74-b674-e1a628f31d6f,Facebook,Like,2025-02-02 21:53:05,Negative,815
f490aabb-77cc-4ffd-a23f-fbea6f3c8c0d,LinkedIn,Share,2025-02-03 10:56:03,Positive,548
00de7e52-6508-42e5-82d3-18afb40f1dd8,Facebook,Like,2025-02-03 19:38:34,Negative,220
27a88044-5f12-4b89-9402-c9285c65006f,Facebook,Like,2025-02-01 21:23:20,Negative,364
5998ef4f-0ebd-4bec-a8e8-beeaf1bdae02,Twitter,Share,2025-02-02 02:02:54,Neutral,574
5710b1b4-1991-424c-8104-69ac102fbb20,TikTok,Like,2025-02-03 00:38:29,Negative,603
e1a94af8-01e5-49e2-a2e4-deb7711f6a31,LinkedIn,Comment,2025-02-03 17:49:21,Neutral,588
58b0c1ab-5719-4bba-a645-b410877e7aa5,LinkedIn,Share,2025-02-02 10:32:03,Positive,939
68016371-f2aa-45b4-be82-6ab3f9725631,Twitter,Like,2025-02-01 14:35:13,Negative,779
9432dd49-e7f3-4cd2-969d-c2032135f8ce,LinkedIn,Share,2025-02-02 08:57:15,Neutral,172
33df18fb-bbe1-433a-8fa4-7ac349aa7312,Instagram,Comment,2025-02-02 21:27:16,Negative,460
93a25c7c-3da1-41e0-81c3-a785c0a51929,Instagram,Like,2025-02-01 23:14:03,Neutral,537
8f2e089a-0cfe-41da-a3e3-37dad0c6ff17,Instagram,Share,2025-02-02 22:15:53,Neutral,243
7caa7593-92ff-4b75-8f80-8bfdb75703f9,Instagram,Like,2025-02-02 23:20:26,Positive,336
ff29d4f0-c31c-428e-a902-0881242dff5b,Instagram,Share,2025-02-02 02:42:03,Positive,362
2c8c4259-9302-43b4-90db-5cc0433f34a6,Twitter,Comment,2025-02-01 18:15:47,Neutral,862
116e3eca-b039-40bd-84ea-ee89b9c52232,Instagram,Comment,2025-02-03 20:11:59,Neutral,931
35df9ac0-44da-4260-afe8-d222af3f5568,Facebook,Comment,2025-02-03 22:31:04,Positive,527
bc05e748-24ef-4954-824b-52ba277b917a,Instagram,Share,2025-02-02 17:43:16,Negative,301
7e3d4d6c-74a5-4c4d-8c6d-b926f6e9b43b,TikTok,Share,2025-02-01 19:12:26,Positive,831
b2778c42-bc88-4eaa-a196-79e69b0be79e,TikTok,Share,2025-02-02 04:32:28,Negative,114
db21464b-402d-4159-963f-14cf6e1a9de2,Instagram,Comment,2025-02-02 16:14:00,Positive,876
e9103aca-b7e1-47d5-9c86-3ce2a10abaef,Twitter,Like,2025-02-01 02:02:52,Positive,275
b5a4062c-35df-4290-8122-e2e6f11fea26,Facebook,Like,2025-02-02 08:03:06,Negative,937
d6d41dea-bc9f-484b-b428-f465d97f4148,Facebook,Comment,2025-02-03 02:24:30,Negative,463
45bf03f8-8d12-4846-9ce7-b98878e20cac,Twitter,Share,2025-02-02 16:46:45,Positive,703
d8db03dc-6060-4047-9971-76dd5fc681f7,Instagram,Comment,2025-02-02 04:29:24,Neutral,431
471cd4d3-9328-4b2f-8116-4b620523e1ef,Twitter,Like,2025-02-03 07:08:59,Positive,843
64598f31-e05c-43ab-9ed4-8b9bcc2517b9,LinkedIn,Comment,2025-02-02 20:41:26,Positive,573
273f9883-b80e-4d7e-9f62-7044664f2c81,TikTok,Comment,2025-02-03 11:18:59,Positive,628
4caea3ea-d7b3-446d-9e9a-6b0ec72b9d9e,Twitter,Like,2025-02-01 07:57:03,Positive,793
93ade884-11f2-469a-a52e-2752a5aeeace,Twitter,Share,2025-02-03 17:52:18,Positive,212
670511f6-f76d-488a-ba68-378d335df097,LinkedIn,Share,2025-02-02 18:45:20,Positive,459
b5693ea6-b9a0-49d3-b9ce-c2f8440f98b6,TikTok,Comment,2025-02-02 17:07:53,Positive,340
c85e5bb0-9cca-4ed2-a17d-be6cadf116b7,Twitter,Share,2025-02-03 05:24:47,Positive,180
a9e673e0-39c5-4fa2-8202-4808bfbd7055,LinkedIn,Like,2025-02-01 14:07:02,Positive,876
131ac814-42ac-4a98-9cd3-6983491e3c31,Facebook,Share,2025-02-03 19:19:10,Positive,770
4b1684c4-2b09-46b8-9df0-67ff25467416,Facebook,Like,2025-02-01 11:27:05,Negative,362
c19960f3-04bc-4fb8-ac61-b363dc656392,Twitter,Share,2025-02-02 05:50:16,Negative,403
2d548ac5-0e3b-4f2f-bbf1-479df2987e96,LinkedIn,Share,2025-02-03 15:22:15,Negative,792
39559638-af04-4ef4-9c11-cca1d698a2ad,TikTok,Comment,2025-02-03 02:10:13,Negative,256
4b29936e-720d-4ff4-a7ac-d64b8984de63,Instagram,Comment,2025-02-02 08:32:17,Positive,647
7fa95020-a8b8-4c89-bf16-ae2b0ccf4d29,Instagram,Comment,2025-02-01 12:32:19,Neutral,462
69d3637c-cfbb-456c-8314-df303a9e388f,TikTok,Like,2025-02-01 23:09:20,Neutral,612
148ab1d3-5ca0-47da-88c1-22741d0e7440,LinkedIn,Like,2025-02-03 21:16:30,Negative,529
e590e21c-2396-45c9-afbd-d9abaa3f0389,Facebook,Like,2025-02-03 09:46:52,Positive,53
208f5847-ef39-4003-b7a4-eb774a8a0e09,Twitter,Comment,2025-02-02 03:58:26,Positive,176
f95ce3ae-718e-43a6-bae8-686556bc38d1,Twitter,Comment,2025-02-01 20:26:45,Negative,951
62c7531f-2e89-4971-8672-54db5e27bba1,TikTok,Like,2025-02-01 17:27:03,Positive,516
8e3504f0-117c-4999-87ad-ca582cbfbca2,Twitter,Comment,2025-02-02 21:38:29,Neutral,198
4c8a67d8-948b-47ba-8577-33e0f6bfbc46,LinkedIn,Share,2025-02-02 16:59:30,Negative,109
c7f3af68-d27d-4824-890d-e83c30d3cae8,Facebook,Share,2025-02-01 10:32:09,Neutral,763
6a7e3509-f0ae-4012-b989-19859e31edaa,TikTok,Like,2025-02-02 13:24:16,Positive,20
14416fe5-faf1-4198-b8c8-7eacfead5485,Facebook,Like,2025-02-01 07:57:52,Positive,815
8636bf65-5b00-4948-8bc5-ab6904b6adc8,TikTok,Share,2025-02-02 02:45:37,Positive,420
4520f66b-bf7e-4699-9e57-ded9e947add6,Twitter,Comment,2025-02-01 03:48:50,Neutral,579
99616983-6936-4ca2-9dc2-83d002970d83,Facebook,Comment,2025-02-02 01:14:44,Positive,423
6e4aec9c-5731-4e8b-8d6c-86e82e4e7321,LinkedIn,Share,2025-02-02 15:23:55,Neutral,22
a80318d7-903e-4eb5-8243-20895743f712,TikTok,Share,2025-02-02 00:44:59,Negative,828
41833a8b-d79d-4ccf-89fc-49856d8dcbc5,Twitter,Comment,2025-02-02 21:15:05,Neutral,284
e37a9097-945c-46ee-bf9b-fcfad9554bb4,Facebook,Like,2025-02-03 20:33:18,Neutral,615
962063b8-4a1b-41dc-8ec1-47617341047f,Twitter,Like,2025-02-03 15:07:57,Negative,641
1afe6746-7520-4be4-8d64-fd202e41107a,LinkedIn,Share,2025-02-01 13:51:27,Positive,350
b187c984-e066-4915-a99e-be4026da384d,Facebook,Like,2025-02-03 00:42:52,Negative,596
d015126c-a795-4fe4-a4a6-23fd72b2eee7,TikTok,Like,2025-02-03 12:19:16,Neutral,295
ec72b24c-b4ef-4aa4-9a96-b157ce26c912,TikTok,Comment,2025-02-02 03:21:45,Neutral,11
428a2b42-3ac9-4d1d-8924-64ce53a534fa,Instagram,Comment,2025-02-02 19:22:24,Positive,615
e949a972-8090-4d3c-af56-a92a97f932b8,Facebook,Like,2025-02-01 14:56:08,Neutral,37
ebda1ca8-f161-4b69-bfd5-b2d87791a850,Twitter,Share,2025-02-02 10:53:32,Positive,755
2deea5bc-71f7-4a10-bfd9-749bea034223,Instagram,Share,2025-02-03 12:24:31,Negative,389
ec0fc0f7-bcfc-4bf3-bcb8-bdf4e6877d2a,Facebook,Share,2025-02-03 15:59:29,Positive,885
a32b4880-79c3-42a5-ab5a-4be502598aca,LinkedIn,Comment,2025-02-01 22:02:54,Negative,228
009e2c0a-ab89-415c-b26d-9af37fdfc594,Instagram,Like,2025-02-03 16:24:43,Negative,132
15b9fef4-eb77-4402-98e3-1834dc8ca3a4,LinkedIn,Like,2025-02-02 11:33:24,Neutral,989
4625bde7-97c4-4a58-a13a-5ef1dc5e01ee,LinkedIn,Share,2025-02-02 22:12:47,Neutral,952
70a3a00c-58ef-4974-9750-00c817021f3b,Twitter,Like,2025-02-01 11:11:13,Positive,828
d2175c75-d5d1-4ebe-9362-29bfe52dbf54,TikTok,Like,2025-02-01 04:50:25,Negative,742
4324225b-3bae-4ea8-a1ac-63c0c4274c1d,Instagram,Share,2025-02-02 11:29:05,Neutral,690
709cd9e2-cc01-4452-8605-ecd687cd324d,LinkedIn,Comment,2025-02-01 18:58:10,Negative,104
7e35fb8f-7c6d-4764-8d1a-1854a888353a,Instagram,Comment,2025-02-01 23:58:04,Neutral,683
616d9140-14f3-4173-a3c9-0b7e49b262ec,LinkedIn,Comment,2025-02-03 19:48:18,Neutral,571
60991a58-27c9-4fb6-9435-9229dbbd6b5c,Twitter,Comment,2025-02-02 19:45:13,Neutral,187
bb1767e3-4db3-40d1-bf9b-b1c091dc4520,Instagram,Share,2025-02-02 02:12:20,Positive,119
de61624f-2acd-4844-8a11-cc612df04667,Instagram,Like,2025-02-03 15:03:40,Neutral,798
beb55898-ff73-41a6-bc7a-2a5fca932227,Facebook,Share,2025-02-03 15:12:08,Positive,953
2e80723d-9ae7-48db-83e0-fc454b5458b4,Facebook,Comment,2025-02-03 16:34:58,Positive,987
b11edf8a-b17a-49da-a6b3-c33f33c92970,Facebook,Comment,2025-02-03 10:22:02,Negative,29
a576e400-b4b6-445f-b734-6f3c1ca962a7,LinkedIn,Share,2025-02-03 04:28:03,Neutral,408
e82a27d0-f391-4419-904f-69d3d80c6150,Facebook,Comment,2025-02-02 17:53:25,Negative,646
82acc68d-9bb0-48c3-b5db-656559e0768c,LinkedIn,Like,2025-02-01 03:12:40,Negative,971
bf45607e-6c2b-4413-a5c1-614c936620b8,Instagram,Share,2025-02-03 02:42:25,Neutral,166
8c486eb3-bfab-4fe1-9a9d-8d9c9907e4ed,Twitter,Share,2025-02-02 15:00:42,Positive,190
4ece9844-5971-4824-a3b8-4b638b258874,TikTok,Share,2025-02-03 13:12:52,Neutral,822
280b7988-90f1-46fa-8e50-0313d3518188,TikTok,Comment,2025-02-01 15:21:55,Negative,4
4140d7cf-bfac-4870-89b9-df18db21e646,Facebook,Share,2025-02-02 08:29:47,Neutral,992
c3df0426-e8ae-43fd-86b9-6db41d19d8d3,LinkedIn,Like,2025-02-02 18:02:59,Negative,309
b33a7770-cd15-4cfe-b105-0a185278c189,Twitter,Comment,2025-02-01 21:52:17,Neutral,53
d7d42d79-d30f-4cb8-916f-14596d539e1d,Twitter,Comment,2025-02-01 14:35:51,Neutral,503
3ec8e695-b7c3-42ea-86bb-de70b789747a,TikTok,Comment,2025-02-01 17:15:46,Positive,782
eb65df27-34d9-4c2f-b937-a239527f526f,Facebook,Like,2025-02-01 00:22:07,Negative,673
62fd471f-8282-4125-8e35-643a5c618e29,Twitter,Comment,2025-02-02 01:56:16,Negative,32
23c77c87-0981-4d5b-8b19-4188c976a9d1,Facebook,Like,2025-02-02 00:51:25,Positive,648
d4126a3b-f399-487d-b897-a25739c6ff53,Twitter,Share,2025-02-01 03:07:24,Positive,772
3434d4af-d600-48a2-a5f7-8c993a157347,Twitter,Comment,2025-02-03 15:23:33,Negative,601
54a27f90-ca62-41d7-adf1-38697819e360,Facebook,Share,2025-02-02 03:45:28,Positive,153
f90f0680-2dcc-4b32-b60f-8d68c2c94751,TikTok,Share,2025-02-02 04:28:48,Positive,960
bb4d9e65-3027-45b8-975a-6f9692db30bf,LinkedIn,Comment,2025-02-01 07:26:25,Neutral,266
7175ed24-1334-4787-be95-5d2efca19897,LinkedIn,Comment,2025-02-03 05:16:01,Negative,671
e75ffda1-5a43-4dec-9bec-732b028080c0,LinkedIn,Share,2025-02-02 07:36:47,Negative,709
a275cbc7-b9f3-4459-a17c-b48d4cf9cf2d,Facebook,Comment,2025-02-03 23:30:34,Negative,179
8f928609-291b-483f-baf7-db39907b4979,TikTok,Like,2025-02-03 11:17:44,Negative,510
0866bf6d-76a1-4476-ba97-b9bc6c9d033e,TikTok,Comment,2025-02-02 17:26:39,Negative,378
5ad9db99-bb09-49eb-96b1-ff52448af827,TikTok,Share,2025-02-01 13:25:31,Neutral,510
fbc4f76f-5ade-4131-9996-dc84168df773,Instagram,Share,2025-02-01 05:48:02,Negative,740
3fbc7ad3-c6c0-4985-993e-d8968a2699d7,Facebook,Comment,2025-02-01 18:41:31,Neutral,516
e7ce1d1b-7ac8-41d2-b56e-e443dbeb728f,Twitter,Comment,2025-02-02 22:42:55,Neutral,150
e70b3107-4780-41a5-97e6-73d3c55ce2c5,Instagram,Comment,2025-02-03 08:53:59,Positive,879
6feda24d-3132-48db-89c3-e53a986337f2,Facebook,Comment,2025-02-02 14:10:20,Neutral,331
628c2bbc-cebc-4514-882d-ee355e8dfec2,LinkedIn,Like,2025-02-02 10:52:58,Negative,863
d22695e2-96e7-4692-a68c-c21fc2b49972,Twitter,Like,2025-02-02 10:49:14,Positive,650
6fcda97f-36a5-4613-a3eb-7934f3cfb18e,LinkedIn,Comment,2025-02-02 09:45:32,Negative,931
9221c780-5cac-41fc-adca-09cbca1f6acc,TikTok,Like,2025-02-01 11:14:08,Negative,894
58951d56-7c2b-498b-90b7-d234f8b2ff62,Facebook,Comment,2025-02-03 19:06:13,Negative,143
8ef0791e-b16a-47b9-becd-da4bc48bf0dd,TikTok,Comment,2025-02-01 19:14:55,Positive,736
1e7eb3b8-5bc2-4d9d-a46f-7626df2381d0,Twitter,Comment,2025-02-03 22:17:48,Positive,673
4c18f2cd-c019-46d3-8d46-3de5f63b36fe,Facebook,Comment,2025-02-01 04:15:40,Neutral,853
59639c7e-7ffd-4ec1-89a6-29be6cf7d102,Instagram,Comment,2025-02-02 06:21:05,Positive,929
24d8d503-e14a-4f61-bec8-435d6c3c856c,TikTok,Like,2025-02-03 14:33:00,Negative,357
fadd5ce4-d1ec-4a85-b404-eb3f91f4570f,Instagram,Share,2025-02-02 05:48:19,Positive,183
ad735368-8396-4e7f-9dfe-dae781a7bd46,Twitter,Like,2025-02-03 23:55:00,Neutral,281
11b20b57-392f-4a29-a516-3ebb4e6f983c,Instagram,Like,2025-02-03 04:00:29,Positive,913
9c7a8d9b-7041-48b3-8ad8-0a256fbf44c8,LinkedIn,Like,2025-02-01 21:55:00,Neutral,961
95eb8d2f-0815-4fd8-93f3-c2208a5e9abe,LinkedIn,Comment,2025-02-02 01:17:19,Negative,725
d383684a-7aab-49e9-8572-248efce2fdee,Instagram,Share,2025-02-01 03:03:25,Positive,505
fd62c4c3-1057-4147-a86f-74a048813f7d,Twitter,Like,2025-02-01 21:01:12,Negative,478
a87ec411-d917-4194-bcc0-6c83f6e22de7,LinkedIn,Comment,2025-02-02 00:08:59,Neutral,818
c5edcdef-e8f1-4600-9396-cb3edfbff28d,Instagram,Comment,2025-02-02 07:01:14,Negative,257
d9919e4e-9ea7-4c4c-8504-b6123ceb3989,Twitter,Share,2025-02-03 04:41:27,Positive,163
15bfb543-643e-4cf8-8e0d-35b0cf32a88c,TikTok,Share,2025-02-02 13:43:56,Negative,567
2068fdc1-83d9-49d1-a9d0-dac8ab0a7f72,LinkedIn,Like,2025-02-02 20:23:15,Positive,290
f5396d18-e3ba-42fd-9880-77d968bd833c,Twitter,Share,2025-02-03 12:14:10,Neutral,605
07e41712-537f-45a6-a57c-054f50a03431,Twitter,Like,2025-02-01 18:42:52,Positive,930
e4f3cc1c-c1dd-4201-951d-0b9ffafffee1,TikTok,Comment,2025-02-02 21:00:57,Negative,980
9c85b69c-234e-42f4-be7e-8342676a4858,Instagram,Share,2025-02-03 20:25:39,Neutral,242
39b84fd3-e110-4867-8d7d-8e3060caf6d2,Twitter,Like,2025-02-02 08:55:52,Positive,667
358d15e2-8292-4d5f-ad7f-880e7a919ddf,Twitter,Like,2025-02-02 09:10:00,Negative,8
2459a50a-0f90-4c5f-aa82-75001df01c93,Facebook,Share,2025-02-02 09:48:04,Neutral,400
0d114095-0147-4d1a-97c8-2d51f2913787,TikTok,Comment,2025-02-03 18:50:59,Positive,275
8d9db0c1-7cbe-4432-a4ec-57593352b0ac,Facebook,Like,2025-02-03 19:27:53,Neutral,139
e84341f5-3253-48f6-8aac-8ddf64337619,Facebook,Like,2025-02-01 08:30:11,Positive,67
3c49658c-ae60-46b1-82d8-24be1d957da9,TikTok,Comment,2025-02-03 19:10:26,Neutral,661
8ad48d1f-748d-446e-b795-b4bf4fe223e0,Instagram,Share,2025-02-02 23:29:50,Neutral,830
d21aa637-b54f-4dea-aed1-7b874c212f30,LinkedIn,Share,2025-02-02 19:45:32,Negative,707
b4e03170-6c8e-4f27-9153-acb75eca999a,TikTok,Like,2025-02-02 11:14:12,Negative,545
ee36449f-1059-4039-902b-b98025a21b2f,Twitter,Comment,2025-02-01 02:33:32,Positive,998
23780cc3-9ef0-4280-acd3-8f5233587a27,Facebook,Like,2025-02-01 16:09:00,Positive,587
cd215415-7c9a-41d5-9dcf-483ff4a0f8d0,Twitter,Comment,2025-02-01 00:09:15,Negative,290
3f5579c9-c64c-4111-8020-c96ff65deb75,TikTok,Comment,2025-02-03 09:12:39,Negative,715
0d932dc6-06ab-4923-981a-d72d13cad2ad,Instagram,Share,2025-02-02 18:19:08,Negative,123
b3642203-0141-4391-850a-9d16cc40c4f1,Twitter,Comment,2025-02-03 21:26:34,Positive,950
912f1d5d-8869-4452-94f2-e3f4438a37f0,LinkedIn,Comment,2025-02-02 13:50:47,Positive,496
adae979c-63fa-43c0-a8f5-bed09aad95ee,TikTok,Like,2025-02-02 22:14:06,Negative,953
0784adf7-b132-4dcc-bdb2-b3efb6b849e0,Twitter,Share,2025-02-01 12:11:28,Positive,708
7491e8e7-1bca-455d-b31b-09b187e61233,TikTok,Share,2025-02-02 05:33:57,Positive,400
b82daa7b-876b-4363-84e9-49769fd3271d,Facebook,Like,2025-02-01 00:13:21,Neutral,723
02a916d6-eb64-48b7-8ecb-7cbcd8d12be7,TikTok,Share,2025-02-01 07:54:46,Negative,515
e805f295-5863-480c-af59-93224860c8e0,Facebook,Like,2025-02-03 19:44:27,Neutral,497
125b8907-3860-4909-966b-fc5294584084,LinkedIn,Share,2025-02-01 21:48:22,Positive,44
efb81fa4-8725-46b2-a451-b9dd68fc5cd5,TikTok,Like,2025-02-01 16:58:23,Negative,250
17162420-3e6c-4d04-835f-4bdbb881191f,LinkedIn,Share,2025-02-03 20:16:43,Negative,522
1be8ccc4-0ad0-45df-8461-7bac8979ca8e,Twitter,Like,2025-02-03 05:06:33,Neutral,617
54b4e31d-ad62-4e36-aa4b-015d69bdf0ce,Twitter,Comment,2025-02-02 07:42:03,Positive,601
e6bb02a2-6eb1-4d9a-bc5b-12333c169f8d,Twitter,Share,2025-02-02 18:16:37,Negative,695
7538a371-ebea-4d50-bc81-cacc82eee186,Instagram,Comment,2025-02-03 04:05:53,Negative,916
daeb1448-0429-4ef9-b048-f6960a35a268,Instagram,Like,2025-02-01 17:46:14,Positive,144
f4379062-f482-4c4c-89a0-f0a6f7ddcf15,TikTok,Share,2025-02-02 06:50:31,Negative,219
78368821-1584-406d-ace3-0ba06491fd89,Instagram,Comment,2025-02-01 23:15:43,Neutral,64
ce9f0f00-18f3-4ba8-b533-d3c05939fee9,Twitter,Like,2025-02-01 07:54:29,Neutral,56
25f960c4-7200-4658-875f-8918985f458f,Twitter,Share,2025-02-02 03:10:06,Neutral,390
1c8c8599-4ee2-435a-b19d-8de579d2ea65,Twitter,Like,2025-02-02 09:49:09,Negative,546
055be337-4fe7-4e47-bbf3-c2c488c8250a,TikTok,Like,2025-02-03 11:07:13,Negative,965
2e165fd9-2adb-4e3e-8eba-0445eb066d88,LinkedIn,Like,2025-02-01 08:00:33,Positive,727
ce27fb45-244d-470e-a660-d160cab90ee1,Twitter,Like,2025-02-02 07:31:57,Neutral,452
399379b8-5b04-4f55-9159-a87c0c34fe47,Facebook,Share,2025-02-02 11:56:46,Neutral,667
9ab71f60-8e34-44e8-9d35-db98ff481fea,LinkedIn,Comment,2025-02-02 09:25:10,Positive,525
6524a7d4-7fc7-42a7-b599-4a66e13e3ae3,TikTok,Like,2025-02-03 20:34:21,Neutral,223
17c53747-136f-4aa5-b20a-e8a6782e78d1,LinkedIn,Like,2025-02-02 10:47:09,Negative,6
2e78dd5b-0163-44a0-ab28-42831b475e0a,Facebook,Like,2025-02-03 16:09:31,Negative,332
f14b020a-9400-4d2f-a4de-339f04928af3,Twitter,Comment,2025-02-01 17:24:35,Positive,347
ac38b5aa-78ae-4272-b7f1-971f3bc8e9e1,Twitter,Comment,2025-02-01 08:41:30,Negative,108
e3d3db8e-600a-4c90-8d3c-e0e57c0d90dc,Twitter,Share,2025-02-02 19:48:08,Negative,462
7ec82886-e07f-4050-8c70-98882046a4ba,LinkedIn,Comment,2025-02-03 14:35:47,Negative,327
ae2f1031-bcea-4ae6-a978-a02dd8bb1553,Twitter,Share,2025-02-03 11:37:03,Positive,745
01bc53c4-3830-43ec-a085-8bf13cef94b4,TikTok,Comment,2025-02-03 06:13:02,Positive,978
bc5a847e-b56b-444d-968f-0b8c3fa77a24,Facebook,Like,2025-02-03 12:41:22,Negative,105
3107828c-85d3-4892-a743-6ed166b924fc,Instagram,Share,2025-02-01 17:51:00,Negative,990
9e5da4a9-a135-44d3-afa5-16a47c91fb8a,Facebook,Share,2025-02-02 10:34:37,Neutral,658
8d835a1f-d5ed-479e-b4d9-82a4950f8e00,Instagram,Like,2025-02-01 00:31:21,Neutral,278
cecf7341-eae8-49c4-8e09-c2d2e70d0d33,Instagram,Share,2025-02-01 01:22:00,Negative,259
7daf55f6-a563-4595-8ade-fd9ce33b34b5,TikTok,Share,2025-02-02 09:19:19,Neutral,884
3afe863e-253d-48e2-ae6e-f073bc9d85d8,Facebook,Share,2025-02-01 04:06:32,Neutral,502
554f37a4-24ce-4013-8806-69cfc42518cc,Instagram,Like,2025-02-02 13:52:21,Positive,658
6e190035-ee0a-4d3c-b715-f414acf6f6b8,LinkedIn,Share,2025-02-02 12:08:00,Neutral,79
1df44b75-ccf0-4d25-8327-4dc250ba37e9,TikTok,Share,2025-02-03 05:16:30,Positive,172
512c3279-115c-4671-8a42-7d075942d0c6,TikTok,Share,2025-02-02 10:25:35,Negative,505
66145f5b-9df6-4cf0-82ad-365f0b7dec57,Twitter,Share,2025-02-03 09:58:43,Positive,415
3653d932-25c6-475c-9dca-bd047f6d8afb,LinkedIn,Like,2025-02-03 10:18:23,Negative,14
ab67f34a-24af-4967-b1f0-4ceac3de8499,Instagram,Comment,2025-02-01 14:13:28,Negative,157
598064f7-51b9-4cf9-b80c-c7e109660b3a,TikTok,Comment,2025-02-02 05:40:06,Negative,189
a307c871-fd0c-44b9-8ce8-8c5fab2794f0,Facebook,Comment,2025-02-01 11:16:10,Negative,126
27c46544-6787-44db-8fbd-e91d586595b6,Facebook,Comment,2025-02-01 14:10:10,Neutral,615
2b23988d-4c78-49bc-9abf-9ab1df3658fa,LinkedIn,Comment,2025-02-01 23:01:29,Positive,839
35eefe32-45da-4a9f-b4b2-39e73e2e2a2c,TikTok,Share,2025-02-03 10:16:39,Negative,866
76b35288-b9ad-4035-9bf3-c786818e9d28,TikTok,Like,2025-02-02 06:23:07,Neutral,329
e5e3412b-a6e4-4808-b861-1691f30644a4,Facebook,Like,2025-02-01 05:55:39,Negative,551
96e1e9cd-9b3b-4103-a4ee-06e77eb0c7c2,TikTok,Like,2025-02-03 12:05:37,Positive,505
7d50180d-f8b6-4929-8e06-c9c4d6064b7a,Instagram,Like,2025-02-02 20:40:50,Neutral,192
9207cc66-8a36-4c7e-ab30-a51fd7b5193a,TikTok,Like,2025-02-03 00:30:13,Positive,24
3ded7d0e-c6c4-4a64-890b-af0f238af993,Twitter,Share,2025-02-02 09:05:42,Neutral,396
1332b7d9-d536-4e28-8d68-635c6ef4d8d3,Facebook,Share,2025-02-01 09:09:38,Positive,311
5a52a7be-120c-442d-a3d8-7f6baf79027c,TikTok,Share,2025-02-02 21:27:51,Positive,835
ee0ff3e8-cf58-4777-b2c9-cddf1e282d10,Twitter,Share,2025-02-01 00:30:16,Neutral,90
eaf8b88e-a72d-4d95-9a76-fe192e75df95,Facebook,Share,2025-02-03 09:51:47,Positive,363
64a37da0-f1f3-4ad3-9fbc-4157949dacd8,Twitter,Like,2025-02-03 14:25:46,Neutral,88
34cd33f1-df6d-4044-a85a-c2bdb7a5485d,Instagram,Comment,2025-02-01 17:15:28,Negative,216
f2f98881-c5ea-4ac3-80d2-1fef0f623d51,Facebook,Comment,2025-02-03 19:52:26,Neutral,768
2ab743e7-4474-4ac1-9f95-9fb4b78c6b4f,Facebook,Like,2025-02-02 19:09:09,Neutral,110
82bd33f7-f04f-4009-8950-e4319591671a,Twitter,Like,2025-02-02 16:26:15,Negative,124
bd9b08fc-bd19-44e8-8215-ac9e60c935fa,Instagram,Share,2025-02-01 13:56:55,Positive,18
9953e511-f05f-47f5-bc45-39fbe3dc2256,TikTok,Like,2025-02-03 15:02:57,Positive,591
201c2447-2129-4a40-af23-50417eaf4ecb,LinkedIn,Comment,2025-02-03 08:04:24,Positive,255
1ca9619c-6aed-4605-870d-86dc0f7dc43b,Instagram,Comment,2025-02-01 06:29:06,Negative,516
45d64e6d-8926-4ddb-b558-ad4c3c18fe35,Instagram,Comment,2025-02-02 05:49:52,Neutral,574
7b70014d-295e-4553-be97-988034571f84,TikTok,Share,2025-02-03 21:20:10,Neutral,522
34b28aef-76a1-4810-88c8-efc4d060e311,LinkedIn,Comment,2025-02-01 09:20:00,Negative,157
76dbca99-5c53-49e4-b6cb-e841b1167946,Twitter,Comment,2025-02-02 20:18:36,Positive,78
dd8fea88-b60f-4398-b225-80f8657ba18f,TikTok,Share,2025-02-01 19:57:44,Positive,404
7476d879-696b-4fea-9403-e1b7810337c2,Facebook,Share,2025-02-01 08:54:50,Negative,447
89d0a6bf-2b12-41e7-9337-e83c08bd7021,TikTok,Share,2025-02-01 00:15:00,Neutral,61
0b769934-8f2a-46a8-ad04-ce3c5a6580fd,Twitter,Share,2025-02-03 19:03:19,Neutral,267
87d5028e-165e-4f52-8e0c-f41ff1ad9428,Twitter,Comment,2025-02-03 19:46:08,Negative,234
9e882ba1-6653-4551-bd04-512f1a7dbf2b,Facebook,Like,2025-02-02 18:46:44,Neutral,885
e70d5a8d-be6d-4be2-a7d0-9aba15a34d5f,LinkedIn,Share,2025-02-02 07:19:18,Neutral,370
26a383c2-4065-4016-b0d1-d411d653ec1b,Twitter,Like,2025-02-01 18:24:19,Negative,607
5770c82e-ff66-4900-971d-923d439aebe5,Instagram,Share,2025-02-01 16:50:16,Negative,810
db2e266c-eb30-477c-8b31-60542020ce8c,Twitter,Like,2025-02-03 17:32:02,Positive,694
759c69a4-59c6-432a-8da8-9a4c02641826,TikTok,Like,2025-02-03 22:35:16,Neutral,178
bb3ab491-f683-4215-b4fa-fd0ca0755200,TikTok,Share,2025-02-03 04:49:33,Neutral,169
2e63ec15-d23d-4c9b-9c4e-00fa1710c05c,Twitter,Comment,2025-02-03 20:38:36,Negative,895
dffa7e6a-2dbf-4923-b91d-12fbaeaa1ec7,Instagram,Comment,2025-02-02 21:09:54,Neutral,680
c1d3925c-5b0c-44ca-8f6b-9d1bea62b1be,Facebook,Like,2025-02-03 10:03:50,Neutral,148
6617e4bc-9e8e-41ba-84a9-3afb3ce8c311,TikTok,Share,2025-02-03 15:34:31,Negative,131
ff16ad84-f7ab-481d-a273-83be1ced3cf7,LinkedIn,Comment,2025-02-01 10:26:48,Positive,959
f742a47b-2962-44f9-860a-3a32ee8f574a,Twitter,Like,2025-02-03 04:48:51,Negative,572
591016bc-5020-4909-a126-d4f26b4895b8,Twitter,Share,2025-02-01 15:54:48,Positive,591
fcaae2ea-66ee-47b9-8f54-1c1146c0b0e1,TikTok,Share,2025-02-01 17:20:03,Positive,388
be4c8b2b-9304-492d-b875-0cc5e7668c1c,Facebook,Share,2025-02-03 22:45:39,Neutral,714
39924669-4ed1-49cf-b05d-f42658480618,TikTok,Share,2025-02-02 22:33:25,Positive,573
996bf910-a7c6-4eab-b3e9-2ae247977ac3,Instagram,Comment,2025-02-01 20:18:21,Positive,110
b2b8c03d-200e-4d0a-8d2d-2e9070df3a6c,TikTok,Comment,2025-02-02 16:52:28,Positive,700
ae5fe890-d0bd-4353-b50c-a8e552cd6359,LinkedIn,Share,2025-02-03 12:00:14,Positive,740
41f30810-34bd-4277-bc68-889568b8b571,Facebook,Comment,2025-02-01 17:20:24,Positive,376
e56abe5f-bf0b-499d-872a-1c70d3da889a,LinkedIn,Share,2025-02-03 01:07:02,Negative,562
8815fe77-6795-484d-bb1a-405707ae7614,TikTok,Share,2025-02-02 11:04:00,Neutral,667
57d28f15-1921-4af2-96e4-809a412e7891,Facebook,Comment,2025-02-01 23:18:05,Neutral,745
472edd74-d902-4cda-a5e2-0f94f00b68d8,Twitter,Share,2025-02-02 15:21:17,Negative,50
4f32629f-d62a-4969-a4cf-7491c54853f2,Twitter,Like,2025-02-03 21:42:47,Negative,480
2433d573-be77-404a-b669-c93bf3f38cb1,LinkedIn,Share,2025-02-02 21:58:00,Neutral,725
e8533c1f-7036-4c6a-9c2f-4888e94d17b6,TikTok,Like,2025-02-01 15:47:35,Neutral,118
1816ab8e-fb7e-409f-bb0e-b6099157a25d,TikTok,Like,2025-02-03 20:10:01,Positive,1000
8c6a28e7-8c42-432d-9ab7-87c6ae200256,TikTok,Share,2025-02-02 22:24:26,Neutral,656
12845811-e27b-4b33-88c3-f2594ee6c499,Twitter,Like,2025-02-02 01:12:09,Positive,428
5eb8531d-da97-4385-bc6a-bed391e5b828,LinkedIn,Like,2025-02-01 10:37:56,Neutral,83
297e4687-5628-4bc4-921b-25563be2def9,Twitter,Like,2025-02-03 15:06:12,Neutral,863
5ed4ddc0-c4bd-4b95-b035-14a0c20630fc,TikTok,Like,2025-02-02 23:32:38,Negative,204
98e9aa72-c28c-42d1-ac64-4af28bba28d1,Facebook,Like,2025-02-02 07:45:00,Neutral,72
1afb50af-96e4-4b17-ac36-65bbd10b2ec9,LinkedIn,Like,2025-02-03 06:00:16,Negative,947
0006a3ea-6231-4c14-a4cc-5492b8793d25,TikTok,Like,2025-02-01 07:09:55,Neutral,802
17dfd384-452b-486a-9b2b-fe5dfc2a4a2b,LinkedIn,Share,2025-02-02 23:17:17,Negative,730
1d115f59-a2b7-4192-a425-823c2193c3ab,LinkedIn,Share,2025-02-03 22:43:25,Negative,839
752aa0df-8d28-4500-a7a3-c50014db2bcf,Twitter,Share,2025-02-01 11:14:15,Positive,887
b76422e8-5308-4c26-a97e-2dcf5411a90e,Facebook,Share,2025-02-01 08:21:52,Positive,866
302559a4-0d31-47b0-b88e-d895143de31d,Twitter,Like,2025-02-03 05:44:22,Positive,20
e0858ffb-b172-4553-8921-04cbfbd1538d,Instagram,Like,2025-02-01 01:51:49,Neutral,79
745173de-237c-42a3-8720-38242e96f4ad,Facebook,Comment,2025-02-03 00:35:30,Positive,164
b9f5c1f9-5b08-44f0-b9e0-35efe8b7d86c,Instagram,Share,2025-02-01 14:27:09,Neutral,362
f120f6ea-2e81-4e54-9edb-341d20ef9b88,LinkedIn,Share,2025-02-02 22:42:01,Neutral,448
1cadedda-107d-48ef-951b-1387b67bc931,Facebook,Comment,2025-02-02 14:37:14,Positive,623
5b701aa1-1655-4828-911b-f021bc484856,Twitter,Share,2025-02-02 22:13:31,Negative,76
46e73e3c-1418-47e9-8dce-ba41d8ba03e1,TikTok,Comment,2025-02-01 14:48:12,Positive,250
085184ca-3761-4058-bb43-39ce83ecba4f,LinkedIn,Share,2025-02-02 17:07:44,Neutral,477
8e1c327f-401e-4161-beba-77a7252d026e,Facebook,Comment,2025-02-03 04:18:34,Neutral,262
967de54d-050c-4648-bda5-2ace3712d272,LinkedIn,Share,2025-02-01 04:48:27,Negative,110
bdf218ff-2a67-4698-88a2-3e2dd6cb2add,Instagram,Like,2025-02-01 14:28:02,Negative,826
a901e554-6f60-4379-892f-1f6de1cffbd7,LinkedIn,Like,2025-02-02 03:37:25,Negative,76
4345cd99-68ec-4578-8194-001c6ad79452,Twitter,Share,2025-02-01 07:26:50,Neutral,556
ad02f721-8583-4df2-9558-38aa608325e6,TikTok,Like,2025-02-03 13:44:18,Negative,92
fbac2b91-c2d6-4981-a9c9-223e6d449aea,LinkedIn,Like,2025-02-03 01:51:56,Positive,548
2491d5b9-49d5-4021-a288-b6442636e478,TikTok,Comment,2025-02-03 19:46:40,Neutral,924
1b2298be-4ca2-435b-bdf7-db7c7f5867e2,Facebook,Like,2025-02-02 04:22:45,Neutral,408
85dba76e-35f8-409d-b9a7-9205ffca0131,Instagram,Like,2025-02-02 19:49:17,Neutral,825
2db3f6f9-5eaf-419c-995c-d208af42fafa,Instagram,Comment,2025-02-03 11:54:18,Negative,851
04309ff0-4728-4b13-89d6-aad522856b3b,TikTok,Comment,2025-02-02 18:26:54,Negative,928
1a2cfd04-c3ca-4ec6-b755-ae8b3a272e0d,Twitter,Share,2025-02-02 07:52:08,Positive,620
4b2215ba-f717-41dc-a3ea-cca8809b073d,LinkedIn,Comment,2025-02-02 12:10:10,Positive,783
b2ac9161-ad51-4d46-baf9-42a35bb7084c,Instagram,Like,2025-02-01 16:56:07,Negative,443
55edbbea-9d42-4c7b-90f5-2eeac1fd07f4,Facebook,Comment,2025-02-03 15:23:45,Positive,687
739a1e7c-c45e-470f-8aa0-95c708725a2f,LinkedIn,Comment,2025-02-01 19:05:59,Positive,132
4140ba0f-2259-4b4c-8dcb-28c7dd5e29ed,TikTok,Like,2025-02-01 10:18:40,Neutral,286
0073c5ff-ebc2-43c9-aaa8-8ef9dc8ac7d4,Facebook,Share,2025-02-03 05:21:18,Positive,14
680d9e45-4d12-4522-9a4d-e818d393c26e,Instagram,Comment,2025-02-02 10:11:28,Negative,534
b34bab73-8c6d-46d9-be05-dd5e6703ad23,LinkedIn,Like,2025-02-02 15:10:18,Positive,48
1c3fdb56-d70d-4208-9fca-9a2109eb1e49,Facebook,Comment,2025-02-03 17:06:54,Neutral,786
13033e0f-016c-41dc-bf9b-ef3d8685706d,LinkedIn,Like,2025-02-01 03:39:20,Positive,440
bd45cc6d-84d0-44b9-9e1a-216a26647204,Facebook,Like,2025-02-01 14:08:18,Positive,587
8371e5ed-b197-4913-91cb-016a58f88219,TikTok,Share,2025-02-02 08:12:30,Positive,305
8a7a2ceb-6dee-4c76-861d-5bb511c1f646,TikTok,Share,2025-02-03 14:29:46,Negative,587
82a20b20-8f4b-4508-b753-ec6337eb1b49,Twitter,Share,2025-02-03 07:16:33,Neutral,206
50774471-b853-458b-be2d-a14f89fbc6eb,Facebook,Share,2025-02-03 03:22:38,Neutral,10
cf0c7a79-9f3f-48d0-8254-dac04232d8b5,Facebook,Like,2025-02-02 05:58:12,Neutral,250
77e8ff05-49ec-459d-ada1-414fd6597d54,Instagram,Comment,2025-02-03 19:26:31,Neutral,63
ca4ae7f7-7e16-4751-9c04-ae368edad873,Facebook,Share,2025-02-01 01:30:21,Neutral,494
2423d901-d7bd-4269-8458-5d8cc8a0007e,TikTok,Share,2025-02-02 05:31:51,Negative,537
ed29de53-70ec-4a76-b664-58c74b8b28ac,LinkedIn,Share,2025-02-02 18:22:51,Negative,823
8cb2002f-392d-4ec9-ad50-ef3965418fd4,Facebook,Share,2025-02-02 09:45:37,Positive,24
c9426080-5b36-40ba-97a8-4bb8cb9d83e3,Instagram,Like,2025-02-03 17:20:44,Negative,889
10d2b1a0-495f-4209-89bf-cb22cdf4f48e,LinkedIn,Like,2025-02-02 01:58:35,Positive,23
23e2d3a9-7f18-481c-84de-a00fde5a7d14,LinkedIn,Comment,2025-02-01 02:37:36,Neutral,440
0782406b-7979-42b9-8c4f-ba844ab92e8e,TikTok,Like,2025-02-03 12:02:58,Neutral,424
39e9fc88-cfa7-483b-aaa7-27fc40922dee,Instagram,Share,2025-02-03 14:29:15,Neutral,345
96690744-69d5-4265-902b-27276fdc3681,Instagram,Comment,2025-02-01 10:19:58,Negative,614
91888136-1dbd-451d-9bc8-13b5f7a1fb40,Instagram,Like,2025-02-03 01:44:50,Neutral,925
2d23e6f9-2476-4ecb-9465-8dda4999d11e,Twitter,Share,2025-02-03 16:50:46,Neutral,88
4dba25df-59b4-445d-8c15-25b0a8bfd249,Facebook,Share,2025-02-03 03:14:27,Positive,908
30274ddc-5962-4717-b198-b94ef32711e7,Instagram,Share,2025-02-03 08:39:11,Negative,784
be15ed5b-8234-41f1-988a-391bac5e6746,Twitter,Share,2025-02-01 18:37:58,Negative,241
951c2e9c-9eed-442a-b8ba-2bc2c13f27fb,Twitter,Like,2025-02-01 02:14:40,Positive,124
be70f13c-5450-4aa7-a3b9-16253ff834df,Instagram,Comment,2025-02-01 09:38:52,Neutral,5
970b8292-0e1a-4a17-9851-2a160610d723,LinkedIn,Share,2025-02-03 18:33:32,Negative,266
f493c636-f734-4ef4-9033-a5b20810fbd4,LinkedIn,Like,2025-02-03 23:37:09,Negative,663
6885590f-00a3-4ffd-8d51-113975749b4f,TikTok,Comment,2025-02-02 15:28:09,Negative,102
4ed89fe3-08f3-496d-b12b-64e3ef19dda6,LinkedIn,Like,2025-02-02 12:53:21,Positive,362
8d41a86f-edad-44ad-a972-1b752ce600dd,Twitter,Share,2025-02-01 21:54:51,Positive,89
b4f78abb-9c9a-4819-890b-d795a5bbe3ed,TikTok,Comment,2025-02-01 03:49:42,Neutral,759
8e08a42a-5995-4f65-b388-bfcccf261d5b,TikTok,Share,2025-02-03 06:55:08,Negative,336
c7bc135c-b4d5-4593-aa2b-a15e332b1c08,LinkedIn,Comment,2025-02-01 09:33:32,Positive,481
b666b17f-5949-47fc-9aae-cd5d74a77e06,TikTok,Like,2025-02-02 05:38:40,Neutral,102
0633dbf8-9655-42fa-a1fd-4ec104355d5a,Instagram,Comment,2025-02-01 23:07:02,Negative,442
6b184b07-9e50-4ea8-b841-a206e00ec25b,TikTok,Share,2025-02-03 05:08:12,Positive,250
520f0834-9c29-4ffb-8230-70ddc13bdc3d,Twitter,Comment,2025-02-03 15:48:47,Negative,966
7af64257-218a-42ce-b80e-f25a214a0b9b,Twitter,Share,2025-02-02 02:12:27,Negative,413
1a61bb03-297d-4007-868c-d3891de2b344,LinkedIn,Share,2025-02-03 20:11:35,Positive,96
747e8aa3-df6e-48f6-aef4-bfde8f5190b0,TikTok,Comment,2025-02-03 13:34:18,Positive,630
420dd930-2420-476c-b17f-1808d56767b6,Instagram,Comment,2025-02-01 23:39:36,Negative,40
bbf298f8-e575-4c96-83f4-12f270689815,Facebook,Share,2025-02-01 10:38:02,Negative,743
8871e341-f27a-4f13-a3ab-2f147aa4afa7,Twitter,Share,2025-02-03 08:56:48,Neutral,875
d1840054-3e38-4d93-895b-cb69cb3603f5,Twitter,Like,2025-02-02 11:33:11,Positive,89
ddb3a5a4-7a68-45cb-aacc-a99bd0aa5781,LinkedIn,Like,2025-02-01 23:23:19,Negative,647
7dd2fe4b-9ea5-45b6-965e-a3636d51c928,Instagram,Like,2025-02-01 16:09:29,Neutral,737
f1465e18-aa56-4bfe-a356-51628e71d307,LinkedIn,Like,2025-02-03 21:57:49,Positive,715
7d49b28d-fe86-4afa-8f6b-83d932abfdba,Twitter,Comment,2025-02-02 13:34:15,Neutral,365
089055eb-9143-4a61-b893-110532d27b6e,Twitter,Share,2025-02-01 09:25:50,Negative,388
296283ab-f374-4cc3-9797-784f83d25be0,Twitter,Like,2025-02-01 07:16:15,Positive,196
a369a064-b2d1-4d2c-a0f6-b7a114cecb0b,LinkedIn,Share,2025-02-03 04:38:46,Negative,151
996b4317-107e-43bc-a231-41da7ea61f50,Instagram,Comment,2025-02-01 22:42:31,Neutral,131
80974e97-bc25-474a-9516-ffd240a0260c,Twitter,Like,2025-02-01 04:51:03,Negative,39
0f3adeb1-e538-427a-98df-3ad9f602a213,LinkedIn,Share,2025-02-01 17:34:52,Positive,934
f9e90926-8daa-4954-b70c-67d0a363cbbb,Instagram,Like,2025-02-01 03:32:34,Negative,212
0bb59dee-f112-4a90-9c40-880a117e270e,TikTok,Share,2025-02-03 00:22:22,Neutral,375
62622bdd-edeb-42e3-867b-34ea67fcd90e,Facebook,Share,2025-02-02 20:54:23,Negative,831
81fb5484-0310-4ab3-92f1-48a3369395c2,Facebook,Share,2025-02-03 07:50:58,Negative,209
b765fba9-3a17-4854-8ee8-2e167881a77e,Twitter,Share,2025-02-01 15:33:26,Positive,298
734792f8-38a6-4b2c-9911-44ca3d9a9bd1,LinkedIn,Comment,2025-02-03 12:17:23,Negative,728
95d4597e-144e-4148-89b0-49ad01dbf803,LinkedIn,Like,2025-02-03 07:52:13,Neutral,421
3d04270d-a063-4d1d-ae28-0bf6b1186b00,TikTok,Like,2025-02-01 02:52:18,Positive,657
a42a6517-35c4-4f1a-8cef-021f5b312faa,Twitter,Share,2025-02-03 21:10:58,Negative,390
342f35d9-b855-474a-8c05-b85cc6826170,Instagram,Share,2025-02-02 02:55:26,Positive,700
89342705-2b0b-45ce-9881-27e52dcfef79,LinkedIn,Comment,2025-02-01 10:39:16,Neutral,556
ddab00a2-847b-41f5-8484-c965bca5c0a3,LinkedIn,Like,2025-02-02 17:12:32,Negative,868
2373ba99-c3f1-47b0-8415-a3ca589da3ce,Facebook,Share,2025-02-01 21:33:58,Positive,504
fd2f37ac-6c2b-4a37-91c2-643d770577af,Instagram,Comment,2025-02-01 15:13:35,Positive,565
40d7276f-dedd-414c-9feb-bad6dda53a25,LinkedIn,Comment,2025-02-02 01:20:46,Positive,759
978ebcd2-721e-4da6-a4c4-125722ab4c87,Twitter,Share,2025-02-01 01:27:10,Neutral,752
bf1cfca5-3338-4843-8d6b-54514639cc9f,TikTok,Like,2025-02-02 17:17:31,Neutral,685
09c71166-1f12-449a-82b0-cbffba8aae93,Facebook,Share,2025-02-02 10:05:54,Negative,244
711ffe78-fb21-489a-9149-c061384b0ba0,TikTok,Like,2025-02-02 19:06:26,Neutral,210
a1afa371-e8bc-402f-a89b-bc6913428a80,TikTok,Share,2025-02-02 02:37:45,Negative,907
3513bb64-dda9-42d0-a9dc-59e0b771ef07,Facebook,Share,2025-02-01 22:45:23,Neutral,216
76c9370b-6504-4930-958e-a1b8ec1e59d8,Instagram,Comment,2025-02-02 00:02:10,Negative,502
ede4332c-7862-49ca-80ce-88469a9b5ff8,Twitter,Share,2025-02-03 15:32:47,Neutral,972
54b5a0b9-cfac-484e-a07d-0a376866e0a3,LinkedIn,Comment,2025-02-01 01:33:33,Neutral,246
11055180-8a26-4395-8d8f-e314bcec1d2c,Facebook,Like,2025-02-03 02:00:06,Positive,359
46d0d593-7a0b-4f0b-9041-aa704a531f4e,Instagram,Comment,2025-02-03 03:58:59,Neutral,744
bcf23153-bc78-4227-bd57-3a7aaf723268,Instagram,Share,2025-02-01 04:20:24,Positive,400
7ae1cca7-7641-4a4c-a1e5-b966126c0489,Facebook,Comment,2025-02-02 07:06:49,Positive,487
0af24e7c-474a-447e-a9b5-9fae0dbcd7a6,TikTok,Share,2025-02-01 18:40:33,Positive,47
71ff7ae3-8d50-44af-9ae3-c65430ba2586,TikTok,Like,2025-02-03 02:08:05,Positive,772
cbdcdcfd-fd67-4624-9f26-57c7a19fb5ea,Twitter,Like,2025-02-02 15:52:50,Neutral,814
6db7f5d8-799c-4d01-a3da-5d7020526c32,TikTok,Share,2025-02-03 00:48:59,Negative,833
2a8dd4fa-e8f6-4930-85e8-933b1bce055f,Instagram,Like,2025-02-03 21:31:57,Negative,802
2ed8836f-196d-44ff-9964-cb0e39e8fc7e,Twitter,Share,2025-02-02 10:38:11,Negative,353
e4f184ba-8328-4e4d-8e40-057888609274,LinkedIn,Comment,2025-02-02 12:22:39,Negative,240
8ac29ec3-b181-47ac-ba5e-e47d45dc16ee,TikTok,Like,2025-02-03 00:00:41,Neutral,925
63ca42b7-2cdd-427e-8f20-aa99a682226e,Twitter,Share,2025-02-01 14:56:52,Neutral,32
538316aa-26dd-4942-8cd1-1b67d050659a,LinkedIn,Comment,2025-02-03 07:19:24,Negative,484
01f11b18-0f1a-483b-80a5-5e20239cec48,Instagram,Like,2025-02-03 21:26:30,Negative,244
ea0f7f9c-6b58-4f21-b7e0-e768311f22b9,Instagram,Share,2025-02-03 12:35:43,Neutral,376
b8f9d853-0177-4d74-9e2a-7247b8949582,Instagram,Comment,2025-02-01 21:41:11,Negative,688
cb4529b8-a0e1-4a83-9601-c64ff712ed88,Facebook,Share,2025-02-02 10:41:08,Neutral,601
8cc60dd9-a8ec-4c63-895a-32a0ebf64311,LinkedIn,Share,2025-02-03 21:48:52,Negative,341
eb395575-5c69-43e4-9e3b-77e7e007d905,Instagram,Comment,2025-02-02 22:14:12,Negative,575
499b33f5-3147-46f4-823c-f4b22a166587,LinkedIn,Comment,2025-02-03 18:20:06,Negative,770
5790b231-f451-45a0-8ce4-0d030e490264,Instagram,Like,2025-02-02 08:39:42,Positive,687
9380699c-5831-4e87-97fb-87a14d56eb5b,Instagram,Comment,2025-02-03 01:34:39,Positive,847
b0662116-0bb6-43b3-a9b0-db3f55045f6b,Twitter,Comment,2025-02-02 17:51:22,Positive,664
09918e3d-516f-496c-a517-bed3d7ac0572,Twitter,Share,2025-02-02 10:23:56,Neutral,900
fccfb98b-27df-4afa-90d5-069d4323be35,LinkedIn,Comment,2025-02-01 19:41:55,Neutral,909
7077f3c8-8b94-4c22-8d0e-6cced5c6ce18,TikTok,Comment,2025-02-02 13:52:51,Positive,718
8021c0cb-463d-41fd-a371-8bbbb0505b3f,Instagram,Like,2025-02-01 03:24:54,Positive,540
626c0629-96ce-4a49-9dab-616141e9f3ea,Instagram,Share,2025-02-03 01:52:19,Positive,924
10615d2b-f3f1-42a6-aa5b-91f9d7b8ed11,LinkedIn,Comment,2025-02-02 09:06:59,Neutral,855
640b7282-9dbd-4a84-8e44-597e7fee0dfe,LinkedIn,Like,2025-02-03 16:54:38,Positive,396
d703d04a-9ff0-4d1b-81d4-7a572a80ce56,Twitter,Like,2025-02-02 09:43:10,Neutral,535
05cb4c28-953f-4906-8b07-0ec8d72f0663,LinkedIn,Comment,2025-02-02 21:53:19,Negative,816
2dfdc92d-c6d7-42b2-9383-4657d8dd739d,Instagram,Comment,2025-02-03 12:26:02,Positive,748
f5186c64-a102-4b21-bc34-65e1a588dc26,TikTok,Share,2025-02-01 22:59:06,Positive,742
4108438e-ea6d-41a5-90c8-26a89370fa6a,TikTok,Share,2025-02-01 06:33:56,Neutral,129
b828f906-e9bf-4159-86d6-952a826d8c8a,LinkedIn,Like,2025-02-03 14:23:16,Positive,512
1d473293-ecbc-455e-a54c-29669efe4c26,Instagram,Share,2025-02-03 05:32:30,Neutral,99
8bd87db2-8a60-46f9-81b6-61df0296149e,Twitter,Share,2025-02-03 18:50:10,Negative,991
2fcc02d6-6669-483d-9654-968e7edb4643,Instagram,Comment,2025-02-01 00:27:08,Positive,875
7e844573-5e65-409e-ad09-a455af5f6107,TikTok,Share,2025-02-01 22:37:20,Positive,143
5bac94de-5a33-4147-9dfc-fcc6cbdd519a,Instagram,Comment,2025-02-01 23:30:02,Positive,366
2a080e4d-b6ed-486c-8246-14d04e8bae3f,Facebook,Like,2025-02-01 14:01:43,Neutral,148
4efb4b17-58db-4fe4-a3a9-ba1eebeba15a,LinkedIn,Share,2025-02-01 02:26:54,Positive,762
fb75b064-9491-4229-a79c-4e413b525750,TikTok,Comment,2025-02-03 10:33:55,Negative,156
2e6c9450-e751-4069-8c78-b3b3c03863d0,Twitter,Like,2025-02-03 00:48:51,Positive,729
2b63cb29-5a20-4363-b6a3-1b0e84b8ce2a,Twitter,Comment,2025-02-01 02:56:01,Neutral,547
b13fb599-9575-4d86-8e90-55fcdd1a482f,TikTok,Share,2025-02-03 03:23:33,Neutral,184
ecdbb3c7-ec86-421c-a942-e23aef921e0b,LinkedIn,Share,2025-02-01 06:31:29,Negative,704
49ec99ff-39e7-4341-855b-4262d4254c1b,Twitter,Like,2025-02-03 13:42:12,Positive,715
41ceed1c-6c63-4530-8e9f-94fc6645090a,Twitter,Share,2025-02-01 04:12:02,Negative,58
19f72eaa-9bdb-4713-914c-b4c4283a9dc5,Twitter,Like,2025-02-03 01:22:53,Negative,876
af0ca18e-3b56-4403-b0cd-c0188a75ab45,Facebook,Like,2025-02-02 06:06:29,Positive,476
f7923a99-d663-4594-89e8-ce81ebe0a70d,LinkedIn,Share,2025-02-01 03:32:30,Positive,276
fdb87078-ca9a-4e2c-8365-71a10ad1335e,TikTok,Like,2025-02-01 05:39:43,Negative,992
a4deadf2-8307-4ccf-a698-160d70441247,Twitter,Comment,2025-02-01 23:03:43,Neutral,139
b324d3c2-a047-4a39-8d62-0b56cd8b2c9e,Twitter,Comment,2025-02-03 02:33:58,Neutral,47
de62ae44-6870-4a15-9d37-f5f1ca215d92,Facebook,Share,2025-02-02 18:47:13,Neutral,571
8f60c0ee-31cb-47ee-94a6-5363d9127a09,LinkedIn,Like,2025-02-01 21:56:29,Negative,438
a7b8eb10-cd15-4e43-b612-78ca3d28a532,Instagram,Like,2025-02-03 11:05:13,Positive,534
335f986b-913a-4989-a6be-8de2c5b0a7a4,Facebook,Comment,2025-02-03 06:38:01,Negative,806
52e108f1-f238-429f-91f3-cf84a1c425b0,Facebook,Like,2025-02-01 00:27:18,Neutral,497
13e234c4-28c3-4156-b020-b98306c29206,Instagram,Comment,2025-02-01 03:03:49,Positive,43
18b0b482-af11-49c7-b274-093dd1971d69,LinkedIn,Share,2025-02-03 04:45:02,Neutral,189
fccd3627-6e2d-4d43-9f97-6629ca13c93a,Twitter,Share,2025-02-03 22:45:02,Neutral,544
f9295e31-5516-4df2-81fb-e64537b7a5b8,Facebook,Like,2025-02-01 12:14:27,Positive,498
f7427a47-8eb7-4898-bf4a-00aa80941a81,LinkedIn,Share,2025-02-02 02:12:02,Positive,59
ca00a7f5-6247-4a45-ba23-27b13a9d1752,Facebook,Comment,2025-02-01 23:19:01,Negative,418
136ba067-ba51-4f32-a158-9102f87e5c5e,TikTok,Like,2025-02-01 19:00:31,Negative,316
d9b8e1ba-291f-4b5f-bef5-536dcc67d33f,Facebook,Like,2025-02-03 22:29:24,Negative,68
29dcf0cc-41f1-4d58-8792-2ddc79d54ea9,Facebook,Comment,2025-02-01 19:37:52,Negative,353
ea1e6e28-a3a9-4f85-ab26-ed605bdebd4d,Facebook,Share,2025-02-01 10:22:13,Positive,869
6a7f5fd3-baa8-4edc-9646-fc851065558c,TikTok,Comment,2025-02-01 23:11:58,Neutral,579
7a9ff57b-6030-4df4-b488-e81c1e766142,Facebook,Like,2025-02-01 13:57:56,Negative,972
3d88d096-a05d-4de7-8ce0-53ed661a60b7,TikTok,Comment,2025-02-01 13:44:33,Positive,570
c5dc209c-56ec-498b-b832-54bcf33b1246,LinkedIn,Share,2025-02-01 07:40:20,Positive,83
ee1b8227-e659-4a1a-98cd-a7edb1f328bb,LinkedIn,Share,2025-02-03 19:09:16,Neutral,969
21c4f51e-cd89-4d91-83e3-10143811ac73,LinkedIn,Share,2025-02-01 04:08:53,Negative,606
76017b7c-2a0b-47b4-849e-a6cc8b0aa59a,Instagram,Like,2025-02-01 04:45:15,Negative,629
81073711-3e51-4e13-8a68-db842a19e4aa,LinkedIn,Share,2025-02-03 02:41:03,Positive,293
9ddac047-0b90-4685-bbbe-708c0a4e99d9,Instagram,Share,2025-02-02 07:24:59,Positive,54
7be17e3c-e640-4915-81e9-277a4c281797,TikTok,Comment,2025-02-02 14:22:05,Negative,265
bee497e3-5dd4-40cb-b093-417e25f484c6,TikTok,Share,2025-02-02 03:48:30,Positive,516
350e1a34-9626-4f91-b1bb-a90d6c836d69,Twitter,Share,2025-02-01 07:55:59,Neutral,11
5ca6b71b-7910-4582-b4c1-19d412780c0b,Instagram,Share,2025-02-01 10:32:44,Neutral,3
b4c80822-8a63-44f5-9ba4-092064c32733,Twitter,Share,2025-02-02 19:31:37,Neutral,692
1cfbd281-e297-43c1-9444-ec12d767bbb6,TikTok,Share,2025-02-02 23:32:34,Neutral,976
53950354-8b07-4726-b80f-0a45bd78d0f9,Facebook,Like,2025-02-01 16:50:35,Negative,457
775914fd-2ac9-4534-a829-2f02c5951678,Twitter,Comment,2025-02-01 05:44:07,Neutral,116
6036aa9b-7863-43b9-a56c-06053832a1c8,TikTok,Comment,2025-02-02 15:05:29,Negative,768
aa3984b2-1413-4299-a462-d8b7c6f79fe3,TikTok,Share,2025-02-01 11:27:14,Negative,239
c5e90e7f-bfdc-41e5-bc87-d42fe91590d7,Instagram,Like,2025-02-01 11:27:47,Positive,789
4ed1f3d6-55af-4036-b57e-30836ff1c4d0,LinkedIn,Share,2025-02-02 05:36:22,Negative,372
f8d90610-9f06-4a30-afaa-98eda196c84a,LinkedIn,Share,2025-02-03 00:35:13,Neutral,961
8c9a4127-5fa3-4efe-b60f-26fd02003205,Facebook,Like,2025-02-01 18:41:05,Neutral,856
bfd20dda-7da0-4df1-9522-64f2db3ceeaa,TikTok,Comment,2025-02-03 10:40:11,Neutral,435
16657f43-16e7-405d-bec8-ddc2acb51d5f,TikTok,Comment,2025-02-03 03:07:25,Positive,760
7cea8bfd-5491-4698-87e9-edc92adbaf0d,Twitter,Share,2025-02-01 04:17:44,Positive,623
50009621-c447-4f88-8903-aab005cb0d7c,Facebook,Share,2025-02-03 06:12:43,Neutral,406
6d035376-2a26-42bf-a184-dbb23814caa1,Twitter,Like,2025-02-01 08:04:07,Neutral,664
2eb6d90c-6597-4254-bb6e-2f21bbb3c461,Twitter,Like,2025-02-03 14:31:47,Negative,771
293afa7e-7f30-4cc2-9efc-a77d17d52ed8,Twitter,Like,2025-02-02 02:32:52,Negative,102
b754dd61-66ba-45dd-8c95-84eb7bebd3c2,Instagram,Share,2025-02-03 16:04:49,Negative,525
469f5515-5788-4cca-b178-8332e7325e87,Facebook,Share,2025-02-03 16:45:02,Negative,868
ab341a1c-6c7a-4f03-a026-42b6baf4936c,Twitter,Like,2025-02-03 11:36:48,Positive,661
2a06c3a6-34f3-4cf4-9231-4db6a4589f1a,LinkedIn,Comment,2025-02-02 12:12:20,Positive,461
9a636422-c32a-4376-94f2-d5691be02499,Instagram,Comment,2025-02-01 02:37:49,Positive,528
2ced4aa0-e075-4444-8ab9-94ca3b5f3f0e,Instagram,Like,2025-02-03 10:07:33,Neutral,408
4ae7d192-42da-49ce-9c4d-a36cc5ccf930,LinkedIn,Share,2025-02-03 11:16:04,Neutral,990
5c292e88-9a82-4052-bf45-9adbfed7e9c7,LinkedIn,Share,2025-02-03 03:48:58,Neutral,823
bce24f53-b1c1-4c5c-83f2-8844b2571d1d,Facebook,Share,2025-02-02 22:46:33,Negative,908
89473a7e-5570-40c9-a1d7-babea819ebe7,TikTok,Share,2025-02-01 15:43:27,Positive,202
b0454706-119e-4140-a901-b5b506c6200d,Instagram,Share,2025-02-01 14:58:43,Positive,331
06ed3c69-ab01-4e84-b3d4-c7ae16a24f86,Twitter,Share,2025-02-01 18:30:07,Neutral,250
13bfd710-9b85-422c-8639-17bb67a4eb18,Twitter,Share,2025-02-02 19:08:16,Neutral,173
e533e701-7ee1-4cbd-bc79-05bfdfaa8e94,LinkedIn,Like,2025-02-03 08:59:03,Neutral,648
65803259-1625-4cf3-9a23-6d7948e8a6aa,LinkedIn,Comment,2025-02-01 13:25:56,Negative,355
e0ae14f4-77f0-4d55-b768-4ac05ba67f21,Facebook,Comment,2025-02-02 08:24:08,Neutral,256
7cc16555-6f3a-4ea9-ae98-ed476e9044c8,Twitter,Comment,2025-02-01 02:51:22,Neutral,197
65882a95-1ca3-47a4-8864-6009e2eefd6b,Twitter,Like,2025-02-03 23:46:43,Negative,735
fe9e3a0d-e590-49f3-abf4-ce6d4a40aafd,TikTok,Share,2025-02-01 10:00:27,Negative,436
78d5135c-0115-408b-9801-7add93891769,LinkedIn,Like,2025-02-01 10:34:13,Negative,148
4eabcd72-5ccb-4427-bfca-95961dd12c9a,TikTok,Like,2025-02-01 02:52:52,Positive,471
874e9f42-1ea2-4630-939b-381e678daedc,TikTok,Like,2025-02-01 10:58:52,Neutral,915
b11d9f98-eb76-4d46-ba94-626206378e23,LinkedIn,Comment,2025-02-01 19:38:12,Neutral,258
008414b2-20fe-411a-8de3-2f92a1f49949,Facebook,Like,2025-02-03 12:31:27,Neutral,904
dca949d3-186c-4217-b563-7e5f7b5c15ce,Instagram,Like,2025-02-02 10:03:18,Neutral,103
6e28fa1d-04fb-48be-b86a-91b4f30ce004,TikTok,Comment,2025-02-01 01:29:10,Neutral,411
0e616a2a-536f-49b6-8c44-b93c3217d1c5,LinkedIn,Share,2025-02-01 21:34:19,Negative,213
c6d28305-a663-4c43-8a3b-baf8a3bb5afd,TikTok,Share,2025-02-01 15:21:39,Positive,381
a8ce0a94-837e-4062-9b5c-91eed1874ee0,Facebook,Comment,2025-02-01 02:03:47,Neutral,339
1d872d78-2257-4a84-99ec-9df07f9f943e,Instagram,Like,2025-02-01 10:46:14,Negative,916
f78001e8-df63-4e00-9388-613a81e1cf23,TikTok,Like,2025-02-01 23:37:37,Negative,862
539dc41e-0917-40b6-9afd-b8feca7b550a,Facebook,Like,2025-02-01 22:57:23,Positive,824
f4f23085-2861-4ece-a57e-d8c119b8f092,Twitter,Like,2025-02-01 05:28:51,Negative,678
b4a6bfb7-9311-4652-a188-b0a0e317f407,TikTok,Comment,2025-02-02 10:30:49,Positive,445
c6418204-fb42-4c40-8a88-4dc3d13f2715,TikTok,Like,2025-02-02 20:38:43,Neutral,69
95935e4c-b453-400b-9c06-e87eb4741ef9,Instagram,Comment,2025-02-02 02:21:10,Positive,724
41cf9140-e9d4-4c6c-81f5-c47f300f4bf9,Facebook,Comment,2025-02-03 04:40:48,Negative,655
927a2c02-7f9f-4406-aa15-2661a75f0241,Instagram,Like,2025-02-01 16:58:25,Negative,449
ad22ebd1-4f66-4bc3-9d82-6030094f5cb8,Twitter,Like,2025-02-03 01:17:00,Negative,137
b46452a4-418d-48f6-98d4-7a3349222e1d,LinkedIn,Like,2025-02-03 07:22:02,Positive,806
17eac159-fba0-4047-bebf-ffa441c2be3a,Twitter,Share,2025-02-03 15:28:39,Neutral,733
871bbd98-44b1-4fad-a2ad-fb0280978cbf,Facebook,Share,2025-02-03 16:51:58,Positive,844
ccd06de0-ae6a-4155-bff0-b1b530df77e7,Instagram,Comment,2025-02-01 03:07:03,Neutral,241
eda37dc3-dc38-4d81-bb59-4a493f32dc88,Instagram,Share,2025-02-01 00:54:10,Positive,75
ad9498a6-ee23-4d12-a4ba-4ac30d8216bb,Twitter,Share,2025-02-03 11:26:07,Neutral,706
2da50c87-88cf-4cf1-9ab5-0cfde5829138,Twitter,Share,2025-02-03 09:36:32,Neutral,778
16035e1c-ef56-43f3-a80e-51de9356738d,Twitter,Like,2025-02-02 00:30:03,Neutral,9
07cdbb5b-c05c-41c7-a5a4-bfee75c893f8,Instagram,Comment,2025-02-01 08:52:03,Negative,568
da52722c-7739-4634-ac4f-373734eeef5e,Facebook,Like,2025-02-02 23:25:25,Positive,482
d765ce04-a503-496b-90dc-6d148cf3d307,LinkedIn,Comment,2025-02-03 07:29:58,Positive,983
af891b64-3206-430f-80fa-8f9838270153,TikTok,Share,2025-02-02 07:27:04,Neutral,601
794361b7-3cfd-4f37-ba6b-6dce5b41c3ec,TikTok,Share,2025-02-01 19:32:40,Positive,288
2656082a-ee1d-402f-9f37-f9db4bf38ab4,LinkedIn,Comment,2025-02-02 13:35:42,Neutral,428
6ced8958-fd2e-426e-9f92-b0441a30e038,TikTok,Like,2025-02-01 09:59:38,Negative,837
8f5d7f7d-5f67-440d-b154-0133b39712dd,LinkedIn,Comment,2025-02-03 22:44:57,Negative,264
60104bd7-fff6-46b9-abd7-dc34fd53906e,Facebook,Share,2025-02-02 08:26:54,Negative,406
46211d8d-1f70-475b-a7fa-a0d82e6b0e1e,TikTok,Comment,2025-02-01 15:58:42,Negative,760
a4d0ec80-2aca-4293-9e9a-d5fcd46ebed6,Instagram,Comment,2025-02-02 05:23:30,Negative,236
67e5d7ae-eeec-4502-b791-7082087c7a15,Facebook,Like,2025-02-03 03:49:16,Positive,68
9f3dc525-9fb2-4dc6-9a63-99a777edf895,Instagram,Comment,2025-02-02 21:44:57,Positive,604
3e277079-1f2b-4606-b27d-8f3a295ecd4d,Instagram,Share,2025-02-03 00:21:40,Negative,394
3e9f8e77-f6d2-4f5d-b14b-78c82f2b88af,LinkedIn,Comment,2025-02-01 03:02:47,Negative,789
4610a5c2-4765-4357-a7ee-7cd6be78336d,LinkedIn,Share,2025-02-02 19:38:04,Positive,770
aa32a824-4697-4250-bc54-38611a6cb203,Instagram,Like,2025-02-01 16:50:24,Neutral,595
f2639b68-8d3c-4967-a83a-c340a3fe5768,Instagram,Share,2025-02-01 03:06:56,Positive,355
644557f1-7316-464b-ac61-b9e215799e81,Instagram,Share,2025-02-01 10:28:57,Negative,598
bf1f2227-905c-4dc7-92ce-75807fb74ea7,Facebook,Comment,2025-02-01 23:13:50,Negative,162
c45e93fc-5de5-44a8-b04c-e6964eb4ea73,Twitter,Like,2025-02-01 11:06:16,Positive,827
a1b6f2c8-84c6-4218-a8dc-f13cf29247db,Twitter,Comment,2025-02-03 14:53:37,Neutral,891
ed1fe5db-1d75-4a71-a3c3-b6c577cce087,LinkedIn,Share,2025-02-02 21:17:27,Positive,240
d41c07af-15a7-40b5-9f77-f062c19b97ed,Twitter,Like,2025-02-03 10:10:31,Neutral,883
7bf8c26c-be6d-4a7e-8a3a-84a990def56e,LinkedIn,Share,2025-02-02 11:34:29,Positive,677
6c4bb789-b048-48ea-ac35-92c535af95b0,LinkedIn,Like,2025-02-01 19:51:56,Positive,66
10c5554a-b386-4034-b87c-f650334c1ac2,TikTok,Share,2025-02-01 09:30:56,Positive,799
a3fbca4b-c7b7-4e18-862f-3d71e0cfa636,Twitter,Comment,2025-02-03 09:48:59,Positive,124
91307edc-21ab-4cd9-9004-ba7e0087d336,Facebook,Like,2025-02-02 14:32:58,Neutral,487
ecc95aba-0417-483e-b83a-69dc6c4ed23b,Facebook,Share,2025-02-02 20:15:01,Neutral,176
a1cce1b5-3740-44e1-a566-ca4fc31abdcd,Instagram,Like,2025-02-01 03:29:52,Neutral,195
53fb1298-096f-469a-9c17-2ceb7c86fc79,TikTok,Like,2025-02-02 01:39:13,Neutral,23
fd1da10b-e848-49e4-8fdf-0286c8045479,TikTok,Share,2025-02-03 09:22:36,Positive,83
24bb7536-5515-42ce-8111-b84b973248d5,Twitter,Share,2025-02-02 16:39:11,Negative,68
96bdbc0e-edb0-45a1-be06-dc210ac794a1,Instagram,Share,2025-02-01 20:33:45,Negative,457
d2d7c572-9afd-4868-b24f-024c8fc05d23,TikTok,Like,2025-02-02 02:01:51,Negative,114
3b12ffa1-c55f-4f38-8c0e-7170a4396cf5,LinkedIn,Comment,2025-02-03 03:12:29,Negative,291
d85b0b9e-48b3-47d0-991a-fb5e30eeec17,Facebook,Share,2025-02-03 14:01:54,Positive,121
3365ddd8-0a4b-467a-aeaf-acc352d3fa90,Instagram,Share,2025-02-01 09:50:43,Neutral,182
2a114c11-78ba-4ce7-8ba4-2def2b6ddbb1,TikTok,Comment,2025-02-01 22:26:22,Positive,934
81c69971-4753-4387-a8a9-5b1b64d0f40d,Twitter,Comment,2025-02-01 21:01:12,Positive,112
8d54ed45-3714-45b7-98f7-c28cce45de37,Facebook,Like,2025-02-01 01:58:31,Positive,315
88ab7f88-61ad-427f-8333-d72beb382bd7,Instagram,Share,2025-02-03 13:59:33,Negative,767
81fbe86e-06c3-4f5b-be43-29cd0f960f5a,LinkedIn,Comment,2025-02-01 18:42:44,Neutral,157
88f7bda6-aaa8-4f22-8bd5-99589df9d51b,Instagram,Comment,2025-02-01 03:43:42,Neutral,382
a3464922-d29a-4cca-8395-3955b056dd7b,LinkedIn,Like,2025-02-02 20:16:44,Positive,966
a7435ed8-5fe4-4db0-a7b0-f052ab6e6f26,Facebook,Share,2025-02-02 16:19:20,Positive,141
2acc1dcb-72c2-4334-aa5d-b3f64ed3f8fd,LinkedIn,Comment,2025-02-02 14:55:51,Positive,683
1306ff97-125a-4988-a5f9-34e7cdaebaea,LinkedIn,Share,2025-02-03 00:14:03,Neutral,336
d3f548f8-7cea-4c96-8ca8-79cd7c870e05,Facebook,Comment,2025-02-03 20:58:02,Neutral,793
016ead5b-1c4b-4993-8c3f-d5ef8b2e16f4,Twitter,Share,2025-02-02 12:59:26,Neutral,848
6d7f7f3a-4a93-4f3a-b0ed-45a232b90428,Twitter,Share,2025-02-02 15:01:35,Positive,524
eda31250-fa57-4fbf-996a-cb155ef73d74,LinkedIn,Like,2025-02-02 17:48:51,Negative,331
14f02af6-467c-41de-b95f-f50d6c9c6cbb,LinkedIn,Share,2025-02-02 22:40:44,Negative,102
27ec290e-25a5-4b96-b45d-7fe8b25b5653,Twitter,Share,2025-02-01 14:27:32,Negative,570
668e46f9-14ad-48cc-b5e6-da8b36487e3f,Facebook,Comment,2025-02-02 00:46:03,Negative,400
63718d51-de0e-4a96-8b7d-a40ffce17350,Instagram,Share,2025-02-02 23:37:54,Negative,264
c55d420c-7c08-4431-8afd-4c88bd3d915c,LinkedIn,Comment,2025-02-03 08:08:43,Neutral,606
fafd1a72-0a8c-494f-af14-4768d63294cb,Instagram,Share,2025-02-01 05:30:45,Neutral,882
6574615f-933c-49ec-886e-6a75a92a3830,Facebook,Comment,2025-02-02 14:31:33,Neutral,596
4a6861fb-a7da-449e-b427-8594044f2833,LinkedIn,Share,2025-02-01 13:06:01,Negative,624
efd6d5d5-b637-4b44-a4ad-4ded30836e0a,TikTok,Like,2025-02-01 13:05:42,Negative,25
5c4f73be-08b4-48a6-a89a-f06c6f97d0aa,Instagram,Comment,2025-02-02 23:14:30,Positive,498
3ccc7b3e-aa4a-48af-be19-264e86aa0ea8,LinkedIn,Comment,2025-02-02 06:54:45,Positive,25
2c4276de-c337-4330-8605-77f1aff2f10a,Instagram,Share,2025-02-01 06:16:38,Neutral,212
f84b6580-bcd4-495b-8b47-512be962e556,Twitter,Share,2025-02-02 20:57:16,Neutral,215
c02f47bd-637d-40fa-81f1-05220b9147c6,Facebook,Share,2025-02-01 23:11:15,Positive,3
7949ae17-2243-4429-bfb8-fc75dbc9ba2f,TikTok,Like,2025-02-03 11:58:35,Negative,128
4e0c01fb-a7da-47ed-b48f-daeb4ffcd5ab,LinkedIn,Share,2025-02-02 23:11:06,Positive,902
4acd0a63-fa29-4b7c-a7a1-0ee93d850792,Facebook,Comment,2025-02-02 09:32:12,Neutral,746
39c006b3-db4f-4f3c-8da6-be9f472c7a43,Instagram,Share,2025-02-01 10:54:51,Negative,80
5e48af7c-e3f5-4b04-ace3-2aadbe904252,Instagram,Like,2025-02-01 15:54:58,Positive,811
e8709e48-e968-4df0-a687-8974b8d0f253,Twitter,Like,2025-02-03 05:32:41,Negative,182
b98564a7-6726-451d-b9a4-d0a9623d7797,LinkedIn,Comment,2025-02-03 07:25:34,Neutral,312
ec5e4388-2ee2-47c9-8066-ca70109fa4ba,Instagram,Like,2025-02-01 06:53:43,Neutral,536
f9c10e28-2b03-4fa9-94c9-fb393bd65812,Facebook,Comment,2025-02-03 05:55:02,Neutral,609
95816ae2-1f7f-4a7f-93e6-24089dd229e2,Instagram,Comment,2025-02-01 13:54:17,Negative,504
9c7f9479-0fab-4612-89bf-cd0a2d454e80,LinkedIn,Like,2025-02-03 03:57:11,Positive,577
7c9511ac-0ca3-4767-8b3b-79290d0a1e74,Facebook,Comment,2025-02-01 09:16:20,Negative,625
8d014a57-6c50-41ec-ace6-7f12ac08d17a,LinkedIn,Like,2025-02-03 22:24:58,Negative,912
5158a724-8be6-4eb8-b125-47163d6e5f54,Instagram,Comment,2025-02-01 21:12:56,Positive,436
93bad676-4e0a-40da-ade9-62152bf7252d,Facebook,Share,2025-02-01 01:20:38,Neutral,345
46c509e2-d9c1-4d38-be6a-1cbfb8f283c8,LinkedIn,Like,2025-02-02 05:59:17,Neutral,295
2e3a7cdf-2fe3-43ad-a4f5-0cea825620ea,Instagram,Share,2025-02-02 10:35:39,Positive,240
e6f44c34-aeb7-4da8-9281-928a9c03438d,TikTok,Like,2025-02-02 17:53:12,Neutral,744
8f2e6cde-6a70-4f95-84aa-2be1915aa205,Instagram,Comment,2025-02-03 16:03:33,Negative,27
8050e5d5-3a48-4637-b9c4-d82de2a3667f,Instagram,Comment,2025-02-02 22:20:42,Positive,889
016f426c-f930-41aa-8341-d7b3d643137d,Twitter,Share,2025-02-02 10:46:28,Neutral,972
c0bdb41d-3be6-43d2-a3ec-63e58bd3b999,Instagram,Comment,2025-02-02 14:08:25,Neutral,442
5f4fe5af-cf41-43d5-a1b7-6e7ee8c49b28,LinkedIn,Share,2025-02-03 00:11:12,Neutral,589
e67dc5c2-8c83-45a4-a3a6-0ca1fe264e29,Facebook,Like,2025-02-03 02:00:20,Neutral,76
565b2f4a-336c-46c9-9a43-c074f31469b0,Twitter,Share,2025-02-03 17:25:40,Neutral,835
58a03c12-4e92-4f61-8db7-86432a5d61b2,Twitter,Share,2025-02-02 03:18:00,Neutral,15
5e376fd7-eb56-4725-8a50-5f5a6e1605d7,Facebook,Comment,2025-02-01 16:38:37,Positive,401
288a8156-9e50-4bb5-a7a8-23ae88f7fbd1,TikTok,Share,2025-02-03 08:40:09,Positive,895
e4ac9476-0dfe-4c0a-b1da-24f94fda4f52,Twitter,Share,2025-02-02 18:31:43,Neutral,850
bc15734a-19d8-437a-9278-2303a2f5113c,LinkedIn,Like,2025-02-01 14:53:02,Negative,610
1b10018c-e37a-401a-bd4b-e439c75f4c0a,Instagram,Like,2025-02-02 07:06:48,Positive,787
64e2bc74-fe3f-40f7-918a-bf779d7977e1,Facebook,Share,2025-02-03 17:05:17,Neutral,19
8b7ec10b-6701-4396-b0d2-b36a3a39f140,Instagram,Like,2025-02-03 14:25:03,Neutral,972
3d619c3b-a7e6-497d-a5a4-4f70b30f8cd9,Facebook,Like,2025-02-02 03:44:16,Negative,344
d02161e5-a4c3-4287-b87a-c3c18da8a443,Twitter,Share,2025-02-03 00:52:32,Neutral,705
83d50ca3-adc2-4d99-b3d6-ce696efa151d,Facebook,Share,2025-02-01 18:20:50,Negative,614
bd2a3230-95b1-414e-b81e-0b1464d42f4c,TikTok,Comment,2025-02-02 05:48:58,Negative,495
4e42038c-1981-48fe-b00b-e48f0dd88df9,Instagram,Comment,2025-02-02 17:59:20,Neutral,183
f3f3aa22-c8ef-464e-b6e7-1ca3d6bda037,TikTok,Like,2025-02-03 16:30:27,Negative,591
cc2858cb-e350-425d-b2ec-0f1e7812a208,Facebook,Like,2025-02-03 15:33:18,Neutral,734
61fd00c8-28a6-41d4-9e00-ab41526da6f6,LinkedIn,Comment,2025-02-03 04:28:44,Neutral,731
cc322f7c-138e-4139-9077-fe7437be11b2,Twitter,Comment,2025-02-03 00:31:42,Neutral,547
dcc75ba2-688d-4246-b724-fadc9a2783d6,LinkedIn,Like,2025-02-03 01:06:11,Negative,480
80a00094-6050-4e1f-9bcc-50f186dbf059,Facebook,Share,2025-02-01 07:29:13,Negative,328
732e9304-875f-40e3-9ca2-cc80bfa5ee78,Instagram,Comment,2025-02-03 10:32:54,Negative,813
29d8739c-21a7-4471-b2bf-d4d571d9b1aa,LinkedIn,Share,2025-02-01 01:20:25,Positive,38
b691c23c-8bf5-4832-8010-1627329434bb,Facebook,Comment,2025-02-01 22:16:56,Positive,776
23ee7613-9e60-4cff-aa1a-a07f44c3cd98,Instagram,Like,2025-02-03 15:21:18,Neutral,679
648ca629-e7cc-4ed0-9083-91071b4d0128,Instagram,Like,2025-02-01 19:33:59,Positive,52
a0f1ff04-9f1a-4bcc-94f6-f616b7b6b8df,Instagram,Like,2025-02-03 06:38:45,Positive,54
8efbe27c-92eb-4973-a30c-37d18831d1c2,LinkedIn,Share,2025-02-02 14:22:25,Neutral,554
9d3b6e6e-f095-4f36-a0cc-6bdcd1f6e315,LinkedIn,Like,2025-02-03 23:48:07,Positive,926
3244115a-93d8-4d67-b661-ce7dc1898c2d,Twitter,Share,2025-02-02 07:22:59,Positive,728
673e51f7-8a44-4e29-a712-7f1090e28f14,TikTok,Share,2025-02-01 06:39:07,Neutral,396
dfd3292c-9590-439b-ada9-c43213b85a49,Facebook,Comment,2025-02-01 08:27:50,Neutral,320
d71a2826-c81f-404a-8d36-db257f289145,Instagram,Like,2025-02-01 02:14:29,Negative,947
0ff62235-d477-4e0e-a674-d28ce29bcb39,Instagram,Like,2025-02-01 10:12:35,Neutral,628
dea367a1-172e-459e-8788-961d8cc5b866,Instagram,Share,2025-02-01 00:49:29,Negative,681
a1906eb3-a714-41ae-88b6-5408ebd5c773,Instagram,Comment,2025-02-03 14:43:47,Neutral,888
96656607-355e-45a3-8442-62540ace15cb,Twitter,Like,2025-02-03 04:59:44,Neutral,986
7ce74911-dfc6-49c7-b3e0-fbfc67ec1358,Facebook,Comment,2025-02-01 13:29:05,Neutral,218
c4c60507-a0e2-43a9-8f10-73b4763b2ce9,TikTok,Like,2025-02-01 17:37:14,Neutral,902
0702d276-010b-4ba6-b22e-3c69d758d099,LinkedIn,Like,2025-02-03 03:41:13,Neutral,87
0133979b-5e0b-4a6d-9798-67ed589c3771,Instagram,Like,2025-02-03 09:45:58,Negative,19
8d025e20-5aef-4818-b557-4f5438b4a737,Instagram,Comment,2025-02-02 22:07:54,Positive,481
22f19a59-2921-4892-9a6f-f48e62653434,Instagram,Share,2025-02-02 14:48:23,Neutral,836
fd9ecd16-78c8-49f3-baf2-e744ded595bb,Facebook,Like,2025-02-01 20:14:05,Positive,141
d9b46350-1b4e-4566-ae8f-628059295f36,LinkedIn,Like,2025-02-01 16:09:12,Neutral,218
75b9c523-c7f5-450e-8ff3-fffd01132094,LinkedIn,Comment,2025-02-01 17:12:25,Neutral,490
43a92201-7486-42e7-9e0c-2afc05f2af36,LinkedIn,Like,2025-02-03 15:27:20,Neutral,902
6418e56f-b995-4dbc-aa96-7b3a33dab015,LinkedIn,Comment,2025-02-02 01:07:20,Positive,286
525fa75b-1242-45a8-9fae-899cb9f96782,Twitter,Share,2025-02-03 07:10:43,Negative,754
70dd0959-d7e5-4e34-b4df-74cb2e24b353,Twitter,Like,2025-02-02 01:56:45,Positive,408
51812ddb-4599-4228-affd-cef906da637f,LinkedIn,Comment,2025-02-01 13:51:21,Positive,963
244bf36c-7326-4f6a-86ab-112475dfdc47,TikTok,Share,2025-02-01 01:48:20,Negative,939
bef600b2-0460-4498-ae79-f9c8f4259041,TikTok,Like,2025-02-01 22:48:54,Positive,91
bb1043b9-ae27-4852-b494-160145ca1b73,TikTok,Like,2025-02-01 02:28:24,Negative,58
cc64d756-732f-4058-b9b3-9c3cd0d2b418,Twitter,Share,2025-02-02 08:43:33,Negative,792
f4cee52f-6e7f-45aa-898a-643cea1e390a,Twitter,Like,2025-02-01 04:20:47,Positive,56
c06417a5-44c6-47bd-833b-fc384f1653fc,Facebook,Share,2025-02-02 17:46:58,Neutral,263
d56c5661-dfad-47b9-b4e2-6263c29e8b25,LinkedIn,Share,2025-02-03 08:33:07,Neutral,487
d99dc7ea-bd23-4133-942f-76519f9bdf15,LinkedIn,Like,2025-02-03 03:43:20,Negative,29
8042946b-e6e8-463d-98e7-07ef89436efa,Facebook,Share,2025-02-03 20:50:35,Neutral,762
47e4aa7f-4aee-4daa-b729-1e2afb3d0312,Instagram,Like,2025-02-01 20:43:23,Negative,82
9be8f68e-9f6c-405e-979f-448babc1680b,TikTok,Like,2025-02-01 04:48:28,Negative,688
f053af36-9d65-4826-bdac-c7f51f5a688d,LinkedIn,Like,2025-02-01 03:25:24,Negative,764
0815d07a-28d9-4c4a-8d4a-23cde0d13c33,Instagram,Like,2025-02-01 07:36:55,Positive,608
165e1771-b2f1-409c-83d2-88eace404f49,Twitter,Share,2025-02-03 04:24:46,Neutral,195
1e7b0e48-3702-4268-98f2-c69741705464,Instagram,Share,2025-02-02 20:14:29,Negative,467
61aa5b08-7703-40eb-afde-4d6dd426492b,TikTok,Like,2025-02-02 15:17:03,Positive,202
286b21a3-ccbd-4028-b6b3-f9a825bed415,Instagram,Comment,2025-02-03 00:01:39,Positive,300
6bc65bdd-5e74-405a-a420-9132061cb4b7,LinkedIn,Share,2025-02-01 09:09:00,Neutral,362
f7806b49-7720-4318-b5a6-17faa36ebd98,TikTok,Like,2025-02-02 06:22:39,Positive,436
01a77ec5-4303-4bb5-b363-7e7b4f519559,Instagram,Share,2025-02-02 17:27:12,Neutral,517
339e5c08-a9b0-40dd-9585-ecd6a209b4bf,TikTok,Like,2025-02-02 09:06:57,Neutral,778
3eec3328-c52d-49ec-a0ec-aa5de91e9412,Instagram,Like,2025-02-01 22:47:09,Positive,353
7d5e0ec7-1c8e-4e08-8ca8-a425559d691b,Facebook,Share,2025-02-01 03:51:23,Negative,719
b5697e9b-f09a-4054-bc5a-943c697693f1,Facebook,Comment,2025-02-03 11:37:49,Positive,325
f6de855d-2f21-46a2-99d3-89256d744d2b,Instagram,Like,2025-02-02 04:25:59,Negative,368
1d534a34-d287-4ddc-bc1c-45b06f99474f,Facebook,Comment,2025-02-03 07:49:07,Positive,480
8b95756d-d9c2-49f9-8f4e-ad778e770518,Facebook,Share,2025-02-03 14:25:29,Neutral,399
32a7a0dd-799b-4d8b-912e-dd93d79a9dbc,Twitter,Comment,2025-02-01 10:04:04,Positive,242
9bde76e1-71f5-4d5e-8199-01392b17dd4a,TikTok,Like,2025-02-03 01:57:47,Neutral,359
dd253b36-e4cd-4455-991c-44067fe6a301,Instagram,Comment,2025-02-01 04:53:54,Positive,379
db237700-c58c-446a-8428-82f3b1db83fb,Instagram,Like,2025-02-03 06:36:48,Neutral,234
0726ae69-f097-424a-9530-f108e3e6804e,Instagram,Share,2025-02-01 20:17:05,Neutral,908
cbc93ebc-45a0-4f35-9d35-7b89af38d6aa,TikTok,Like,2025-02-02 22:55:44,Negative,951
de45d03b-f00a-4acf-963e-7d1130bcce45,Twitter,Comment,2025-02-03 06:40:37,Neutral,586
21640e8f-212c-4c73-8ca7-a9714cc7b3fb,Instagram,Comment,2025-02-01 10:10:01,Negative,366
a5d6e16f-2f7c-40d5-8efc-9843c0529db5,Instagram,Like,2025-02-02 12:35:04,Positive,946
04d9c764-7522-4b4a-84a5-e57c0798f8b4,TikTok,Comment,2025-02-03 06:39:58,Negative,27
96651f0a-b233-44b0-a1b7-975be2926d59,Instagram,Comment,2025-02-01 07:07:25,Positive,264
2edfb98c-f61e-4423-97f0-3a1b1b99e171,Twitter,Share,2025-02-03 13:11:03,Negative,594
ceb6bb96-eebd-4868-b7f2-a3f49e57a33b,TikTok,Like,2025-02-03 18:33:46,Positive,990
c1b2f999-0923-4f7a-aed4-56f30eab7dc1,LinkedIn,Like,2025-02-01 11:48:18,Negative,503
d603727e-c519-481a-b6bd-c94fc99c10b4,Twitter,Comment,2025-02-01 14:36:10,Positive,144
2051a04a-e7f8-4737-82d7-460b5e45245c,TikTok,Share,2025-02-03 11:27:22,Neutral,199
35968c1a-9e52-41a2-8d2d-d48e444fa160,LinkedIn,Share,2025-02-02 14:14:14,Positive,369
f581cb82-5c9a-46e4-bb61-738c58b87998,LinkedIn,Like,2025-02-01 04:24:05,Negative,176
b5108372-5083-4202-9aeb-8d997e868b84,TikTok,Comment,2025-02-01 23:20:58,Positive,649
117e1cef-ca36-4edc-8a00-6e2a5dc1756b,LinkedIn,Like,2025-02-01 13:15:06,Positive,382
c256a56d-e70a-45be-8144-2146b18bf43c,LinkedIn,Like,2025-02-02 08:40:31,Positive,866
8513cda6-4dc9-43f0-834b-119c96f5a7a5,LinkedIn,Like,2025-02-02 10:55:01,Negative,561
a745c1a2-681a-4865-b958-d5c2bc9f5091,LinkedIn,Share,2025-02-01 13:33:47,Neutral,423
266012ad-0196-4755-a463-1fd95a827c80,Instagram,Like,2025-02-01 15:11:57,Positive,7
f24b7b82-f53d-418e-98b2-08fc6de97bd6,Twitter,Comment,2025-02-01 03:42:57,Neutral,165
82ea2b4a-4c84-4804-b815-8d21e8d0bd69,Instagram,Comment,2025-02-02 05:58:06,Neutral,378
d014efeb-640f-4e1c-80c3-9839cff66c1e,Twitter,Comment,2025-02-02 20:00:51,Negative,180
077eb23e-86a6-4b3e-b3ad-6ca282b31406,TikTok,Share,2025-02-01 03:01:45,Neutral,154
